alpha,z,has_reference,reference,series_value,hybrid_value,series_is_finite,hybrid_is_finite,series_relative_error,hybrid_relative_error
0.45,-0.0,True,1.0,1.0,1.0,True,True,0.0,0.0
0.45,-1.0,True,0.4348090791719741,0.4348090791719741,0.4348090791719741,True,True,0.0,0.0
0.45,-2.0,True,0.26465987903157684,0.2646598790316048,0.2646598790316048,True,True,1.0571160359827681e-13,1.0571160359827681e-13
0.45,-4.0,True,0.1450002381371397,0.14500045776367188,0.14500045776367188,True,True,1.5146632516235747e-06,1.5146632516235747e-06
0.45,-6.0,True,0.09919562879606125,-2.78415653785066e+20,0.09891094107919071,True,True,2.80673309060289e+21,0.0028699623191646615
0.45,-8.0,True,0.0752582095241518,-2.355750627578152e+40,0.07513598280643737,True,True,3.1302241210271507e+41,0.0016240981347716984
0.45,-10.0,False,nan,-6.651140422679473e+55,0.0605289373241826,True,True,nan,nan
0.45,-20.0,False,nan,-6.101244733216033e+103,0.030636963365332535,True,True,nan,nan
0.45,-40.0,False,nan,-5.1105333413478773e+151,0.015398518993547468,True,True,nan,nan
0.45,-80.0,False,nan,-4.029018700708995e+199,0.00771751308635024,True,True,nan,nan
0.65,-0.0,True,1.0,1.0,1.0,True,True,0.0,0.0
0.65,-1.0,True,0.40637512830211736,0.4063751283021175,0.4063751283021175,True,True,4.098022789671446e-16,4.098022789671446e-16
0.65,-2.0,True,0.22494106594529703,0.22494106594529484,0.22494106594529484,True,True,9.747844238312271e-15,9.747844238312271e-15
0.65,-4.0,True,0.10996863817907933,0.10996863817945268,0.10996863817945268,True,True,3.3950963799846347e-12,3.3950963799846347e-12
0.65,-6.0,True,0.0712707057159733,0.07127070147544146,0.07127070147544146,True,True,5.949894560095877e-08,5.949894560095877e-08
0.65,-8.0,True,0.052490523697224754,0.05243110656738281,0.05243110656738281,True,True,0.001131959173901009,0.001131959173901009
0.65,-10.0,False,nan,-1.875,0.04207155228498203,True,True,nan,nan
0.65,-20.0,False,nan,-7.18853918856879e+41,0.020347156385381426,True,True,nan,nan
0.65,-40.0,False,nan,-7.031686807039713e+89,0.009997216029555696,True,True,nan,nan
0.65,-80.0,False,nan,-6.184598907186091e+137,0.004954108358012542,True,True,nan,nan
0.85,-0.0,True,1.0,1.0,1.0,True,True,0.0,0.0
0.85,-1.0,True,0.38123100301346263,0.3812310030134624,0.3812310030134624,True,True,5.824411004610507e-16,5.824411004610507e-16
0.85,-2.0,True,0.17693878714495356,0.1769387871449526,0.1769387871449526,True,True,5.490289394553015e-15,5.490289394553015e-15
0.85,-4.0,True,0.064301555916008,0.06430155591596787,0.06430155591596787,True,True,6.241616049326083e-13,6.241616049326083e-13
0.85,-6.0,True,0.03610984654279149,0.036109846540739454,0.036109846540739454,True,True,5.68276880315939e-11,5.68276880315939e-11
0.85,-8.0,True,0.024867097981766367,0.02486709793447517,0.02486709793447517,True,True,1.9017578476381603e-09,1.9017578476381603e-09
0.85,-10.0,False,nan,0.018958342960104346,0.019149196026505416,True,True,nan,nan
0.85,-20.0,False,nan,1.21875,0.008775927022680135,True,True,nan,nan
0.85,-40.0,False,nan,-3.6207643967366105e+23,0.004199853524080366,True,True,nan,nan
0.85,-80.0,False,nan,-3.8334259845321194e+71,0.002054289268332872,True,True,nan,nan
1.05,-0.0,True,1.0,1.0,1.0,True,True,0.0,0.0
1.05,-1.0,True,0.36510994886723486,0.3651099488672349,0.3651099488672349,True,True,1.5203954700079505e-16,1.5203954700079505e-16
1.05,-2.0,True,0.12081970324630127,0.12081970324630142,0.12081970324630142,True,True,1.2634997586011068e-15,1.2634997586011068e-15
1.05,-4.0,True,-0.00042957994185735467,-0.0004295799418567725,-0.0004295799418567725,True,True,1.3551898023893375e-12,1.3551898023893375e-12
1.05,-6.0,True,-0.01094322161751794,-0.010943221617480958,-0.010943221617480958,True,True,3.3794956436912278e-12,3.3794956436912278e-12
1.05,-8.0,True,-0.008758054874435685,-0.008758054874192567,-0.008758054874192567,True,True,2.7759363145902026e-11,2.7759363145902026e-11
1.05,-10.0,False,nan,-0.006523876799519712,-0.006057135432125555,True,True,nan,nan
1.05,-20.0,False,nan,-0.0027357954531908035,-0.0028005196746523375,True,True,nan,nan
1.05,-40.0,False,nan,-0.796875,-0.001338481635148916,True,True,nan,nan
1.05,-80.0,False,nan,-18141941858304.0,-0.0006541830991149032,True,True,nan,nan
1.25,-0.0,True,1.0,1.0,1.0,True,True,0.0,0.0
1.25,-1.0,True,0.3655344400252503,0.36553444002525026,0.36553444002525026,True,True,1.5186298513328386e-16,1.5186298513328386e-16
1.25,-2.0,True,0.06569964182160065,0.06569964182160026,0.06569964182160026,True,True,5.914462359991871e-15,5.914462359991871e-15
1.25,-4.0,True,-0.0997294195590583,-0.09972941955905856,-0.09972941955905856,True,True,2.643933650815329e-15,2.643933650815329e-15
1.25,-6.0,True,-0.0871600246748654,-0.08716002467486739,-0.08716002467486739,True,True,2.276873674508895e-14,2.276873674508895e-14
1.25,-8.0,True,-0.054774157512605136,-0.054774157512596844,-0.054774157512596844,True,True,1.5138486088555376e-13,1.5138486088555376e-13
1.25,-10.0,False,nan,-0.03319207106254396,-0.0354680344153117,True,True,nan,nan
1.25,-20.0,False,nan,-0.01114323008005158,-0.012803429585395761,True,True,nan,nan
1.25,-40.0,False,nan,-0.005379632115364075,-0.006358410100315431,True,True,nan,nan
1.25,-80.0,False,nan,-0.1875,-0.0031415301412678867,True,True,nan,nan
1.45,-0.0,True,1.0,1.0,1.0,True,True,0.0,0.0
1.45,-1.0,True,0.38764074500817675,0.3876407450081768,0.3876407450081768,True,True,1.432025707980901e-16,1.432025707980901e-16
1.45,-2.0,True,0.0319743448359384,0.03197434483593886,0.03197434483593886,True,True,1.4539966149337365e-14,1.4539966149337365e-14
1.45,-4.0,True,-0.23644471672359918,-0.236444716723599,-0.236444716723599,True,True,7.043230062461025e-16,7.043230062461025e-16
1.45,-6.0,True,-0.23465693407841698,-0.23465693407841837,-0.23465693407841837,True,True,5.914075312676171e-15,5.914075312676171e-15
1.45,-8.0,True,-0.15734984228022864,-0.15734984228022775,-0.15734984228022775,True,True,5.644609532676518e-15,5.644609532676518e-15
1.45,-10.0,False,nan,-0.08171194199361764,-0.09038674292757762,True,True,nan,nan
1.45,-20.0,False,nan,0.0019033025471912879,-0.0019515953731915787,True,True,nan,nan
1.45,-40.0,False,nan,-0.007509719027439132,-0.009389015682425797,True,True,nan,nan
1.45,-80.0,False,nan,-0.003506898880004883,-0.004449396264102452,True,True,nan,nan
1.65,-0.0,True,1.0,1.0,1.0,True,True,0.0,0.0
1.65,-1.0,True,0.43096495971792415,0.43096495971792415,0.43096495971792415,True,True,0.0,0.0
1.65,-2.0,True,0.03908258723484016,0.03908258723483997,0.03908258723483997,True,True,4.971242772182786e-15,4.971242772182786e-15
1.65,-4.0,True,-0.36809348189109037,-0.36809348189109115,-0.36809348189109115,True,True,2.111300947913961e-15,2.111300947913961e-15
1.65,-6.0,True,-0.4626416859973643,-0.46264168599736544,-0.46264168599736544,True,True,2.3997470574484323e-15,2.3997470574484323e-15
1.65,-8.0,True,-0.399272306591722,-0.3992723065917243,-0.3992723065917243,True,True,5.700263110932116e-15,5.700263110932116e-15
1.65,-10.0,False,nan,-0.27295565261914057,-0.28356933980995735,True,True,nan,nan
1.65,-20.0,False,nan,0.1331960602361022,0.12884834013961166,True,True,nan,nan
1.65,-40.0,False,nan,-0.053346030708098624,-0.055205321501766394,True,True,nan,nan
1.65,-80.0,False,nan,0.004197071015369147,0.003356404700366281,True,True,nan,nan
