method,alpha,threshold,z,value,grad_alpha,finite_value,finite_grad
hard,0.55,4.0,-3.0,0.16963268988831715,-0.19278387802478392,True,True
hard,0.55,4.0,-3.05,0.16699248620852813,-0.19199647520872531,True,True
hard,0.55,4.0,-3.1,0.16442949583051814,-0.1911853256460745,True,True
hard,0.55,4.0,-3.15,0.16194051698039402,-0.19035268817970064,True,True
hard,0.55,4.0,-3.2,0.15952251605926904,-0.1895006673730677,True,True
hard,0.55,4.0,-3.25,0.15717261710688035,-0.18863122357288375,True,True
hard,0.55,4.0,-3.3,0.15488809202634002,-0.18774618265160825,True,True
hard,0.55,4.0,-3.35,0.15266635150965158,-0.1868472445057705,True,True
hard,0.55,4.0,-3.4,0.15050493659055064,-0.1859359915542882,True,True
hard,0.55,4.0,-3.45,0.14840151080898067,-0.18501389655284584,True,True
hard,0.55,4.0,-3.5,0.14635385289966507,-0.18408232979709283,True,True
hard,0.55,4.0,-3.55,0.14435984999363427,-0.18314256612211466,True,True
hard,0.55,4.0,-3.6,0.1424174912754097,-0.1821957902284339,True,True
hard,0.55,4.0,-3.65,0.14052486208674964,-0.18124310416169465,True,True
hard,0.55,4.0,-3.7,0.13868013839964988,-0.1802855315618217,True,True
hard,0.55,4.0,-3.75,0.13688158164950437,-0.17932402389124036,True,True
hard,0.55,4.0,-3.8,0.13512753395480104,-0.17835946404375136,True,True
hard,0.55,4.0,-3.85,0.13341641359875211,-0.17739267088472843,True,True
hard,0.55,4.0,-3.9,0.13174671085289447,-0.1764244083315134,True,True
hard,0.55,4.0,-3.95,0.130116983957123,-0.17545537557452917,True,True
hard,0.55,4.0,-4.0,0.12852585552900564,-0.1744862301275134,True,True
hard,0.55,4.0,-4.05,0.12653284738160042,-0.13964122409118035,True,True
hard,0.55,4.0,-4.1,0.12504273392437928,-0.13962827363364486,True,True
hard,0.55,4.0,-4.15,0.12358567523488298,-0.1395796616868333,True,True
hard,0.55,4.0,-4.2,0.12216064651127094,-0.1394976291046753,True,True
hard,0.55,4.0,-4.25,0.12076666150076468,-0.13938428739131126,True,True
hard,0.55,4.0,-4.3,0.11940277094276122,-0.13924162599617887,True,True
hard,0.55,4.0,-4.35,0.11806806106498836,-0.1390715192545587,True,True
hard,0.55,4.0,-4.4,0.1167616521332556,-0.13887573297795988,True,True
hard,0.55,4.0,-4.45,0.11548269705484619,-0.13865593070165086,True,True
hard,0.55,4.0,-4.5,0.11423038003518694,-0.13841367959881334,True,True
hard,0.55,4.0,-4.55,0.11300391528710393,-0.13815045607236803,True,True
hard,0.55,4.0,-4.6,0.11180254579171581,-0.13786765103661572,True,True
hard,0.55,4.0,-4.65,0.11062554210981222,-0.1375665749015409,True,True
hard,0.55,4.0,-4.7,0.10947220124241397,-0.1372484622730283,True,True
hard,0.55,4.0,-4.75,0.10834184553909482,-0.136914476382403,True,True
hard,0.55,4.0,-4.8,0.10723382165256634,-0.1365657132586788,True,True
hard,0.55,4.0,-4.85,0.10614749953797016,-0.13620320565672644,True,True
hard,0.55,4.0,-4.9,0.10508227149529242,-0.1358279267542929,True,True
hard,0.55,4.0,-4.95,0.1040375512533005,-0.1354407936304377,True,True
hard,0.55,4.0,-5.0,0.10301277309340265,-0.13504267053752886,True,True
smooth,0.55,4.0,-3.0,0.16963268988831715,-0.19278387802478392,True,True
smooth,0.55,4.0,-3.05,0.16699248620852813,-0.19199647520872531,True,True
smooth,0.55,4.0,-3.1,0.16442949583051814,-0.1911853256460745,True,True
smooth,0.55,4.0,-3.15,0.16194051698039402,-0.19035268817970064,True,True
smooth,0.55,4.0,-3.2,0.15952251605926904,-0.1895006673730677,True,True
smooth,0.55,4.0,-3.25,0.15717261710688035,-0.18863122357288375,True,True
smooth,0.55,4.0,-3.3,0.15488809202634002,-0.18774618265160825,True,True
smooth,0.55,4.0,-3.35,0.15266635150965158,-0.1868472445057705,True,True
smooth,0.55,4.0,-3.4,0.15050493659055064,-0.1859359915542882,True,True
smooth,0.55,4.0,-3.45,0.14839656864661935,-0.18476564034391915,True,True
smooth,0.55,4.0,-3.5,0.14633592010242147,-0.18314876097462027,True,True
smooth,0.55,4.0,-3.55,0.14432326296330908,-0.18116879683835263,True,True
smooth,0.55,4.0,-3.6,0.1423585405654873,-0.17890045947714853,True,True
smooth,0.55,4.0,-3.65,0.14044142842226515,-0.1764105612282363,True,True
smooth,0.55,4.0,-3.7,0.13857138535192293,-0.17375877195910444,True,True
smooth,0.55,4.0,-3.75,0.13674769643017073,-0.17099830989946305,True,True
smooth,0.55,4.0,-3.8,0.13496950908694133,-0.16817656731419528,True,True
smooth,0.55,4.0,-3.85,0.13323586333524637,-0.16533568155363426,True,True
smooth,0.55,4.0,-3.9,0.13154571711991545,-0.16251304843227993,True,True
smooth,0.55,4.0,-3.95,0.12989796743498983,-0.15974179108971537,True,True
smooth,0.55,4.0,-4.0,0.128291468047603,-0.15705118220087172,True,True
smooth,0.55,4.0,-4.05,0.12672504416016267,-0.15446703018424227,True,True
smooth,0.55,4.0,-4.1,0.12519750454856568,-0.1520120150224253,True,True
smooth,0.55,4.0,-4.15,0.12370765164690276,-0.14970601753616067,True,True
smooth,0.55,4.0,-4.2,0.12225428989564537,-0.1475663847176356,True,True
smooth,0.55,4.0,-4.25,0.12083623236818716,-0.14560819138243702,True,True
smooth,0.55,4.0,-4.3,0.11945230619876632,-0.14384448073671371,True,True
smooth,0.55,4.0,-4.35,0.11810135714031218,-0.14228645168568096,True,True
smooth,0.55,4.0,-4.4,0.11678225300000165,-0.1409436702979139,True,True
smooth,0.55,4.0,-4.45,0.11549388620150036,-0.1398242167826612,True,True
smooth,0.55,4.0,-4.5,0.11423517610288131,-0.13893485416875676,True,True
smooth,0.55,4.0,-4.55,0.11300507027137828,-0.13828116028434578,True,True
smooth,0.55,4.0,-4.6,0.11180254579171581,-0.13786765103661572,True,True
smooth,0.55,4.0,-4.65,0.11062554210981222,-0.1375665749015409,True,True
smooth,0.55,4.0,-4.7,0.10947220124241397,-0.1372484622730283,True,True
smooth,0.55,4.0,-4.75,0.10834184553909482,-0.136914476382403,True,True
smooth,0.55,4.0,-4.8,0.10723382165256634,-0.1365657132586788,True,True
smooth,0.55,4.0,-4.85,0.10614749953797016,-0.13620320565672644,True,True
smooth,0.55,4.0,-4.9,0.10508227149529242,-0.1358279267542929,True,True
smooth,0.55,4.0,-4.95,0.1040375512533005,-0.1354407936304377,True,True
smooth,0.55,4.0,-5.0,0.10301277309340265,-0.13504267053752886,True,True
hard,0.65,8.0,-6.0,0.07127070147544146,-0.15564954280853271,True,True
hard,0.65,8.0,-6.1,0.07002434646710753,-0.15385890007019043,True,True
hard,0.65,8.0,-6.2,0.06882000714540482,-0.15209972858428955,True,True
hard,0.65,8.0,-6.3,0.06765563227236271,-0.15037155151367188,True,True
hard,0.65,8.0,-6.4,0.06652929820120335,-0.1486741304397583,True,True
hard,0.65,8.0,-6.5,0.06543921306729317,-0.14700722694396973,True,True
hard,0.65,8.0,-6.6,0.06438367813825607,-0.1453700065612793,True,True
hard,0.65,8.0,-6.7,0.06336107850074768,-0.14375877380371094,True,True
hard,0.65,8.0,-6.8,0.06236995756626129,-0.1421794891357422,True,True
hard,0.65,8.0,-6.9,0.061408862471580505,-0.14061927795410156,True,True
hard,0.65,8.0,-7.0,0.06047642230987549,-0.13909339904785156,True,True
hard,0.65,8.0,-7.1,0.05957132577896118,-0.13756561279296875,True,True
hard,0.65,8.0,-7.2,0.0586925745010376,-0.13604736328125,True,True
hard,0.65,8.0,-7.3,0.0578385591506958,-0.1345367431640625,True,True
hard,0.65,8.0,-7.4,0.05700838565826416,-0.13299560546875,True,True
hard,0.65,8.0,-7.5,0.05620074272155762,-0.131378173828125,True,True
hard,0.65,8.0,-7.6,0.05541372299194336,-0.129638671875,True,True
hard,0.65,8.0,-7.7,0.05464601516723633,-0.127685546875,True,True
hard,0.65,8.0,-7.8,0.053897857666015625,-0.1251220703125,True,True
hard,0.65,8.0,-7.9,0.05316162109375,-0.121826171875,True,True
hard,0.65,8.0,-8.0,0.05243110656738281,-0.116455078125,True,True
hard,0.65,8.0,-8.1,0.05271380596527211,-0.11649680697966977,True,True
hard,0.65,8.0,-8.2,0.052022432198314525,-0.11548428466315475,True,True
hard,0.65,8.0,-8.3,0.051348801679462514,-0.11448458683495812,True,True
hard,0.65,8.0,-8.4,0.05069224552187892,-0.113497730515192,True,True
hard,0.65,8.0,-8.5,0.050052127787195554,-0.11252370670507005,True,True
hard,0.65,8.0,-8.6,0.04942784349623926,-0.11156248352870782,True,True
hard,0.65,8.0,-8.7,0.048818816781135435,-0.11061400903498897,True,True
hard,0.65,8.0,-8.8,0.04822449916728727,-0.1096782136971776,True,True
hard,0.65,8.0,-8.9,0.04764436797477774,-0.10875501264354173,True,True
hard,0.65,8.0,-9.0,0.047077924829685654,-0.1078443076483899,True,True
hard,0.65,8.0,-9.1,0.04652469427665662,-0.10694598890953476,True,True
hard,0.65,8.0,-9.2,0.04598422248483558,-0.10605993663522861,True,True
hard,0.65,8.0,-9.3,0.04545607603995855,-0.10518602246100305,True,True
hard,0.65,8.0,-9.4,0.04493984081602549,-0.10432411071454999,True,True
hard,0.65,8.0,-9.5,0.04443512092053999,-0.10347405954475794,True,True
hard,0.65,8.0,-9.6,0.043941537707813005,-0.102635721929234,True,True
hard,0.65,8.0,-9.7,0.0434587288552898,-0.10180894657306819,True,True
hard,0.65,8.0,-9.8,0.0429863474982797,-0.10099357871020488,True,True
hard,0.65,8.0,-9.9,0.04252406141884881,-0.10018946081755568,True,True
hard,0.65,8.0,-10.0,0.04207155228498203,-0.09939643325089748,True,True
smooth,0.65,8.0,-6.0,0.07127070147544146,-0.15564954280853271,True,True
smooth,0.65,8.0,-6.1,0.07002434646710753,-0.15385890007019043,True,True
smooth,0.65,8.0,-6.2,0.06882000714540482,-0.15209972858428955,True,True
smooth,0.65,8.0,-6.3,0.06765563227236271,-0.15037155151367188,True,True
smooth,0.65,8.0,-6.4,0.06652929820120335,-0.1486741304397583,True,True
smooth,0.65,8.0,-6.5,0.06543921306729317,-0.14700722694396973,True,True
smooth,0.65,8.0,-6.6,0.06438367813825607,-0.1453700065612793,True,True
smooth,0.65,8.0,-6.7,0.06336107850074768,-0.14375877380371094,True,True
smooth,0.65,8.0,-6.8,0.06236995756626129,-0.1421794891357422,True,True
smooth,0.65,8.0,-6.9,0.06141536805037041,-0.14056783113440308,True,True
smooth,0.65,8.0,-7.0,0.060500923178787754,-0.13887774671333583,True,True
smooth,0.65,8.0,-7.1,0.05962321756976459,-0.13712641664411507,True,True
smooth,0.65,8.0,-7.2,0.058779373970692175,-0.13534504630331207,True,True
smooth,0.65,8.0,-7.3,0.057966155985617246,-0.13348156314526208,True,True
smooth,0.65,8.0,-7.4,0.05718120229983134,-0.13156268975324875,True,True
smooth,0.65,8.0,-7.5,0.05642197230586855,-0.1296233014913743,True,True
smooth,0.65,8.0,-7.6,0.05568571258198344,-0.1276033444895771,True,True
smooth,0.65,8.0,-7.7,0.054970449952385494,-0.12552321521098742,True,True
smooth,0.65,8.0,-7.8,0.054275428817976076,-0.12311744452357098,True,True
smooth,0.65,8.0,-7.9,0.05359533373681975,-0.12012450356008625,True,True
smooth,0.65,8.0,-8.0,0.0529273667631734,-0.1171106629855134,True,True
smooth,0.65,8.0,-8.1,0.052270378285747245,-0.11287588089264707,True,True
smooth,0.65,8.0,-8.2,0.05162729865215039,-0.1076885467979634,True,True
smooth,0.65,8.0,-8.3,0.050976105731810314,-0.10267501053170974,True,True
smooth,0.65,8.0,-8.4,0.050343458416090864,-0.09334973672421636,True,True
smooth,0.65,8.0,-8.5,0.04969383480464774,-0.08353120276584779,True,True
smooth,0.65,8.0,-8.6,0.04906710867260812,-0.07166990797734724,True,True
smooth,0.65,8.0,-8.7,0.04841609417553486,-0.06012560379741426,True,True
smooth,0.65,8.0,-8.8,0.04780805767804377,-0.05467890157146077,True,True
smooth,0.65,8.0,-8.9,0.04727561583523651,-0.05427725819401456,True,True
smooth,0.65,8.0,-9.0,0.0467953179102937,-0.061777058539567414,True,True
smooth,0.65,8.0,-9.1,0.046400371167435984,-0.08833804481060048,True,True
smooth,0.65,8.0,-9.2,0.04598422248483558,-0.10605993663522861,True,True
smooth,0.65,8.0,-9.3,0.04545607603995855,-0.10518602246100305,True,True
smooth,0.65,8.0,-9.4,0.04493984081602549,-0.10432411071454999,True,True
smooth,0.65,8.0,-9.5,0.04443512092053999,-0.10347405954475794,True,True
smooth,0.65,8.0,-9.6,0.043941537707813005,-0.102635721929234,True,True
smooth,0.65,8.0,-9.7,0.0434587288552898,-0.10180894657306819,True,True
smooth,0.65,8.0,-9.8,0.0429863474982797,-0.10099357871020488,True,True
smooth,0.65,8.0,-9.9,0.04252406141884881,-0.10018946081755568,True,True
smooth,0.65,8.0,-10.0,0.04207155228498203,-0.09939643325089748,True,True
hard,1.25,8.0,-6.0,-0.08716002467486739,-0.5187484895434835,True,True
hard,1.25,8.0,-6.1,-0.08549645741238798,-0.5087559174118041,True,True
hard,1.25,8.0,-6.2,-0.08381173206426062,-0.49852255870926854,True,True
hard,1.25,8.0,-6.3,-0.08211201393562106,-0.4880820813730935,True,True
hard,1.25,8.0,-6.4,-0.08040292995433873,-0.47746661385815514,True,True
hard,1.25,8.0,-6.5,-0.07868960474434417,-0.4667067515374441,True,True
hard,1.25,8.0,-6.6,-0.07697669458618961,-0.45583156875770214,True,True
hard,1.25,8.0,-6.7,-0.07526841937828266,-0.4448686359047116,True,True
hard,1.25,8.0,-6.8,-0.07356859270625193,-0.4338440408833151,True,True
hard,1.25,8.0,-6.9,-0.07188065012313061,-0.42278241446402376,True,True
hard,1.25,8.0,-7.0,-0.0702076757368495,-0.4117069589929372,True,True
hard,1.25,8.0,-7.1,-0.06855242719766608,-0.4006394800023827,True,True
hard,1.25,8.0,-7.2,-0.06691735917271657,-0.3896004202974268,True,True
hard,1.25,8.0,-7.3,-0.06530464539081393,-0.3786088961305154,True,True
hard,1.25,8.0,-7.4,-0.0637161993361488,-0.36768273510995186,True,True
hard,1.25,8.0,-7.5,-0.062153693665692344,-0.35683851551570456,True,True
hard,1.25,8.0,-7.6,-0.06061857842104246,-0.34609160673153383,True,True
hard,1.25,8.0,-7.7,-0.059112098102126254,-0.3354562105204195,True,True
hard,1.25,8.0,-7.8,-0.057635307666195956,-0.3249454029054277,True,True
hard,1.25,8.0,-7.9,-0.05618908751296203,-0.3145711764302064,True,True
hard,1.25,8.0,-8.0,-0.054774157512596844,-0.30434448260615454,True,True
hard,1.25,8.0,-8.1,-0.05583802192429445,-0.339323992257978,True,True
hard,1.25,8.0,-8.2,-0.0544748651852562,-0.3283834722321256,True,True
hard,1.25,8.0,-8.3,-0.0531449400017713,-0.31765620476111345,True,True
hard,1.25,8.0,-8.4,-0.051848387465188266,-0.3071476344825264,True,True
hard,1.25,8.0,-8.5,-0.05058525124984814,-0.296862466637008,True,True
hard,1.25,8.0,-8.6,-0.049355486432466775,-0.28680470208768605,True,True
hard,1.25,8.0,-8.7,-0.048158967729420216,-0.27697767196128004,True,True
hard,1.25,8.0,-8.8,-0.04699549718391404,-0.26738407181188145,True,True
hard,1.25,8.0,-8.9,-0.04586481133359136,-0.2580259952206398,True,True
hard,1.25,8.0,-9.0,-0.04476658788774023,-0.24890496675582446,True,True
hard,1.25,8.0,-9.1,-0.04370045194190739,-0.2400219742280672,True,True
hard,1.25,8.0,-9.2,-0.0426659817564078,-0.23137750018503894,True,True
hard,1.25,8.0,-9.3,-0.0416627141239469,-0.22297155259847706,True,True
hard,1.25,8.0,-9.4,-0.04069014935034055,-0.21480369470438793,True,True
hard,1.25,8.0,-9.5,-0.03974775587113127,-0.20687307396446197,True,True
hard,1.25,8.0,-9.6,-0.038834974525756794,-0.19917845012331475,True,True
hard,1.25,8.0,-9.7,-0.0379512225098274,-0.1917182223421238,True,True
hard,1.25,8.0,-9.8,-0.03709589702501496,-0.184490455394658,True,True
hard,1.25,8.0,-9.9,-0.03626837864504462,-0.17749290491657893,True,True
hard,1.25,8.0,-10.0,-0.0354680344153117,-0.17072304170331754,True,True
smooth,1.25,8.0,-6.0,-0.08716002467486739,-0.5187484895434835,True,True
smooth,1.25,8.0,-6.1,-0.08549645741238798,-0.5087559174118041,True,True
smooth,1.25,8.0,-6.2,-0.08381173206426062,-0.49852255870926854,True,True
smooth,1.25,8.0,-6.3,-0.08211201393562106,-0.4880820813730935,True,True
smooth,1.25,8.0,-6.4,-0.08040292995433873,-0.47746661385815514,True,True
smooth,1.25,8.0,-6.5,-0.07868960474434417,-0.4667067515374441,True,True
smooth,1.25,8.0,-6.6,-0.07697669458618961,-0.45583156875770214,True,True
smooth,1.25,8.0,-6.7,-0.07526841937828266,-0.4448686359047116,True,True
smooth,1.25,8.0,-6.8,-0.07356859270625193,-0.4338440408833151,True,True
smooth,1.25,8.0,-6.9,-0.07189420111043288,-0.42309290281894774,True,True
smooth,1.25,8.0,-7.0,-0.0702597904571885,-0.41288032286140897,True,True
smooth,1.25,8.0,-7.1,-0.06866514424008724,-0.403132595492253,True,True
smooth,1.25,8.0,-7.2,-0.0671099272177402,-0.3937837437318584,True,True
smooth,1.25,8.0,-7.3,-0.06559367653121767,-0.3847747025699635,True,True
smooth,1.25,8.0,-7.4,-0.06411579658186783,-0.37605258348661674,True,True
smooth,1.25,8.0,-7.5,-0.0626755569584056,-0.3675700122655109,True,True
smooth,1.25,8.0,-7.6,-0.06127209281661744,-0.3592845330450913,True,True
smooth,1.25,8.0,-7.7,-0.05990440721203946,-0.3511580722330287,True,True
smooth,1.25,8.0,-7.8,-0.05857137496721872,-0.34315645651760746,True,True
smooth,1.25,8.0,-7.9,-0.057271747724658144,-0.3352489797614462,True,True
smooth,1.25,8.0,-8.0,-0.056004159894105995,-0.3274080140624047,True,True
smooth,1.25,8.0,-8.1,-0.054767135252789104,-0.3196086607142808,True,True
smooth,1.25,8.0,-8.2,-0.0535590939981718,-0.3118284372072154,True,True
smooth,1.25,8.0,-8.3,-0.05237836008829498,-0.3040469967756563,True,True
smooth,1.25,8.0,-8.4,-0.05122316873407778,-0.29624587733241925,True,True
smooth,1.25,8.0,-8.5,-0.05009167393341679,-0.2884082769277305,True,True
smooth,1.25,8.0,-8.6,-0.04898195595748617,-0.2805188531449133,True,True
smooth,1.25,8.0,-8.7,-0.04789202871781186,-0.2725635440870198,True,True
smooth,1.25,8.0,-8.8,-0.046819846957390825,-0.2645294088339514,True,True
smooth,1.25,8.0,-8.9,-0.04576331322177674,-0.25640448544796685,True,True
smooth,1.25,8.0,-9.0,-0.044720284576499084,-0.2481776647885735,True,True
smooth,1.25,8.0,-9.1,-0.043688579045973314,-0.23983857856282587,True,True
smooth,1.25,8.0,-9.2,-0.0426659817564078,-0.23137750018503894,True,True
smooth,1.25,8.0,-9.3,-0.0416627141239469,-0.22297155259847706,True,True
smooth,1.25,8.0,-9.4,-0.04069014935034055,-0.21480369470438793,True,True
smooth,1.25,8.0,-9.5,-0.03974775587113127,-0.20687307396446197,True,True
smooth,1.25,8.0,-9.6,-0.038834974525756794,-0.19917845012331475,True,True
smooth,1.25,8.0,-9.7,-0.0379512225098274,-0.1917182223421238,True,True
smooth,1.25,8.0,-9.8,-0.03709589702501496,-0.184490455394658,True,True
smooth,1.25,8.0,-9.9,-0.03626837864504462,-0.17749290491657893,True,True
smooth,1.25,8.0,-10.0,-0.0354680344153117,-0.17072304170331754,True,True
