seed,noise_level,num_sensors,num_times,alpha_est,beta_est,alpha_relative_error,beta_relative_error,final_loss
5000,0.0,128,8,1.3800000000932253,1.3500000002019648,6.755465752012638e-11,1.4960345719440805e-10,8.894585263904255e-24
5001,0.0,128,8,1.3800000000932253,1.3500000002019648,6.755465752012638e-11,1.4960345719440805e-10,8.894585263904255e-24
5002,0.0,128,8,1.3800000000932253,1.3500000002019648,6.755465752012638e-11,1.4960345719440805e-10,8.894585263904255e-24
5003,0.0,128,8,1.3800000000932253,1.3500000002019648,6.755465752012638e-11,1.4960345719440805e-10,8.894585263904255e-24
5004,0.0,128,8,1.3800000000932253,1.3500000002019648,6.755465752012638e-11,1.4960345719440805e-10,8.894585263904255e-24
5000,0.0,16,6,1.3800000001280033,1.3500000002767814,9.275607657156692e-11,2.0502315894393378e-10,1.460415907925334e-23
5001,0.0,16,6,1.3800000001280033,1.3500000002767814,9.275607657156692e-11,2.0502315894393378e-10,1.460415907925334e-23
5002,0.0,16,6,1.3800000001280033,1.3500000002767814,9.275607657156692e-11,2.0502315894393378e-10,1.460415907925334e-23
5003,0.0,16,6,1.3800000001280033,1.3500000002767814,9.275607657156692e-11,2.0502315894393378e-10,1.460415907925334e-23
5004,0.0,16,6,1.3800000001280033,1.3500000002767814,9.275607657156692e-11,2.0502315894393378e-10,1.460415907925334e-23
5000,0.0,8,4,1.3800000000651584,1.350000000142055,4.7216337120319267e-11,1.0522578693157642e-10,4.466719125179124e-24
5001,0.0,8,4,1.3800000000651584,1.350000000142055,4.7216337120319267e-11,1.0522578693157642e-10,4.466719125179124e-24
5002,0.0,8,4,1.3800000000651584,1.350000000142055,4.7216337120319267e-11,1.0522578693157642e-10,4.466719125179124e-24
5003,0.0,8,4,1.3800000000651584,1.350000000142055,4.7216337120319267e-11,1.0522578693157642e-10,4.466719125179124e-24
5004,0.0,8,4,1.3800000000651584,1.350000000142055,4.7216337120319267e-11,1.0522578693157642e-10,4.466719125179124e-24
5000,0.0,4,4,1.3800000000021897,1.3500000000036427,1.58681441577584e-12,2.698253143551954e-12,6.363082976600651e-27
5001,0.0,4,4,1.3800000000021897,1.3500000000036427,1.58681441577584e-12,2.698253143551954e-12,6.363082976600651e-27
5002,0.0,4,4,1.3800000000021897,1.3500000000036427,1.58681441577584e-12,2.698253143551954e-12,6.363082976600651e-27
5003,0.0,4,4,1.3800000000021897,1.3500000000036427,1.58681441577584e-12,2.698253143551954e-12,6.363082976600651e-27
5004,0.0,4,4,1.3800000000021897,1.3500000000036427,1.58681441577584e-12,2.698253143551954e-12,6.363082976600651e-27
5000,0.001,128,8,1.3802235898619208,1.3498516457925382,0.0001620216390731504,0.00010989200552729088,1.2152870148753525e-07
5001,0.001,128,8,1.3799726851822083,1.3499991248762762,1.9793346225806314e-05,6.482397955046528e-07,1.1315528464154722e-07
5002,0.001,128,8,1.3802600240156275,1.3501581242036171,0.00018842319973017078,0.00011712903971633287,1.1867073963718184e-07
5003,0.001,128,8,1.3799500363647095,1.3497517496665585,3.620553281914318e-05,0.0001838891358826352,1.0468447570000019e-07
5004,0.001,128,8,1.3809432982522358,1.351617151679727,0.0006835494581419825,0.0011978901331310965,9.579654523190108e-08
5000,0.001,16,6,1.3793562039943654,1.348831978643667,0.0004665188446626574,0.0008652010046910979,1.2932269938011765e-07
5001,0.001,16,6,1.3794823051069223,1.350559119233917,0.0003751412268678441,0.00041416239549402824,1.2467821406312225e-07
5002,0.001,16,6,1.3767260587373324,1.3424202706680024,0.0023724212048314825,0.005614614319998286,1.2336120758276438e-07
5003,0.001,16,6,1.3774309052413127,1.3449528342879524,0.0018616628686138862,0.0037386412681834538,9.579218857691407e-08
5004,0.001,16,6,1.3810171770802946,1.3529344504350895,0.0007370848407932577,0.002173666988955142,8.596875039763935e-08
5000,0.001,8,4,1.379612998310022,1.3465668044240962,0.00028043600723032654,0.002543107834002915,1.3899721248378725e-07
5001,0.001,8,4,1.380924877109564,1.3507138105071248,0.0006702008040318951,0.0005287485237960833,1.2728077880338203e-07
5002,0.001,8,4,1.3788495777943004,1.3477166598986514,0.0008336392794923894,0.001691363038036055,1.1495684840043852e-07
5003,0.001,8,4,1.379729538695318,1.3521902315629344,0.000195986452668117,0.0016223937503217014,8.013921071922846e-08
5004,0.001,8,4,1.382253572686306,1.35282985948432,0.0016330236857291418,0.002096192210607339,6.623643739249645e-08
5000,0.001,4,4,1.377402785121522,1.3447750198889548,0.0018820397670129424,0.003870355637811355,8.564520829649117e-08
5001,0.001,4,4,1.3797728377621168,1.3528753732770047,0.0001646103173065979,0.0021299061311145185,1.3550656981583778e-07
5002,0.001,4,4,1.375234378049606,1.336240730495268,0.0034533492394159303,0.010192051484986787,1.1104278179135773e-07
5003,0.001,4,4,1.3805472561076608,1.3505005750787549,0.00039656239685574763,0.000370796354633173,5.2041369091538094e-08
5004,0.001,4,4,1.3782302527022394,1.3526068151281039,0.001282425578087298,0.0019309741689657702,4.5774563419061915e-08
5000,0.01,128,8,1.3822486402300516,1.3485138497635458,0.0016294494420664265,0.0011008520270031589,1.2152885273497133e-05
5001,0.01,128,8,1.3797270349000577,1.3499912373983698,0.00019780079705959065,6.490816022441947e-06,1.1315528563465732e-05
5002,0.01,128,8,1.3826144716376574,1.351604635037598,0.0018945446649691953,0.0011886185463688896,1.1867098905450031e-05
5003,0.01,128,8,1.3795008498419845,1.347517133436492,0.0003617030130546249,0.0018391604174134496,1.046845045763766e-05
5004,0.01,128,8,1.3895376177751562,1.3663600331211834,0.00691131722837411,0.012118543052728355,9.579477057248122e-06
5000,0.01,16,6,1.3736687408388895,1.3385431606498086,0.004587868957326403,0.008486547666808505,1.2932627378889273e-05
5001,0.01,16,6,1.3748748982149948,1.3554913912288298,0.0037138418731921287,0.004067697206540511,1.2467593633703181e-05
5002,0.01,16,6,1.3473162688534124,1.2737950889309062,0.023683863149701098,0.05644808227340287,1.2336317669675204e-05
5003,0.01,16,6,1.35464421671893,1.299983916871393,0.018373756000775218,0.03704895046563494,9.578640503345515e-06
5004,0.01,16,6,1.3900017560184719,1.3788437128878734,0.007247649288747808,0.021365713250276554,8.59783738466719e-06
5000,0.01,8,4,1.3755673666277586,1.3139301478070409,0.0032120531682908065,0.02671840903182164,1.3902520419272699e-05
5001,0.01,8,4,1.3892955802914106,1.3571263668767979,0.0067359277473990975,0.005278790279109478,1.27288578754982e-05
5002,0.01,8,4,1.3685147321134101,1.3271628361344345,0.008322657888833166,0.016916417678196707,1.1495250781342648e-05
5003,0.01,8,4,1.377165227983053,1.3710118828522941,0.0020541826209759554,0.015564357668365962,8.01361341969545e-06
5004,0.01,8,4,1.403279409537721,1.3794598686889725,0.016869137346174724,0.021822124954794395,6.622299628636835e-06
5000,0.01,4,4,1.3548165534394594,1.2990934894721407,0.01824887431923225,0.03770852631693292,8.578996853792613e-06
5001,0.01,4,4,1.3775683880172749,1.377268546968569,0.0017620376686413137,0.020198923680421445,1.3555438561437198e-05
5002,0.01,4,4,1.3303091864689367,1.2057965618778934,0.036007835892074784,0.10681736157193086,1.1140575048911838e-05
5003,0.01,4,4,1.3855704860771363,1.3552106343368475,0.0040365841138669525,0.0038597291384055037,5.204016847769522e-06
5004,0.01,4,4,1.3630734825026198,1.374166029796665,0.012265592389405838,0.01790076281234431,4.5936049301335985e-06
5000,0.05,128,8,1.3915362335255699,1.3425053217417902,0.008359589511282597,0.005551613524599948,0.00030382380762771367
5001,0.05,128,8,1.3786392378826013,1.3499559661519585,0.0009860595053612687,3.261766521602651e-05,0.0002828882251019173
5002,0.05,128,8,1.3934020506152585,1.3585692595940917,0.009711630880622149,0.006347599699327114,0.0002966802290519114
5003,0.05,128,8,1.3775153335762753,1.337578192709534,0.0018004829157424493,0.009201338733678554,0.0002617115827670758
5004,0.05,128,8,1.4301824574349187,1.4362597138164035,0.03636409959052086,0.06389608430844697,0.0002394667356371083
5000,0.05,16,6,1.3504760155232516,1.2972241785125096,0.02139419164981762,0.039093201101844804,0.0003233516319799769
5001,0.05,16,6,1.3554535863771877,1.3754955923330112,0.017787256248414623,0.018885623950378613,0.00031166695336482577
5002,0.05,16,6,1.2167701212166762,0.9569516769026502,0.11828252085748098,0.291146905998037,0.0003085100672191873
5003,0.05,16,6,1.2597075052344733,1.108466007921077,0.08716847446777291,0.17891406820660963,0.00023941474032905354
5004,0.05,16,6,1.4266571731737918,1.484435979670001,0.033809545778110094,0.09958220716296369,0.00021504168789925589
5000,0.05,8,4,1.3393158579062976,1.1131158194544892,0.0294812623867408,0.17546976336704506,0.00034775462836810265
5001,0.05,8,4,1.42757910750978,1.3853935055467117,0.03447761413752175,0.026217411516082673,0.0003183095252989277
5002,0.05,8,4,1.3230987673213421,1.235960138368648,0.0412327773033752,0.08447397157877928,0.000287337625888872
5003,0.05,8,4,1.364004746818232,1.4397913688172121,0.011590763175194186,0.06651212504978671,0.00020029766025920085
5004,0.05,8,4,1.5165824171666853,1.5286774194332007,0.09897276606281552,0.13235364402459301,0.0001654275093740358
5000,0.05,4,4,1.2684401212423473,1.1219016391282866,0.08084049185337146,0.16896174879386186,0.00021595377975686938
5001,0.05,4,4,1.3659850541624037,1.4624992849199607,0.010155757853330592,0.08333280364441528,0.0003393468879733173
5002,0.05,4,4,1.110901904822476,0.616457001346699,0.19499861969385793,0.5433651841876304,0.00028556909399637286
5003,0.05,4,4,1.4104448266332243,1.3813757756078127,0.02206146857480033,0.023241315265046348,0.00013008230998436818
5004,0.05,4,4,1.3093556350512396,1.444868614449896,0.05119156880344946,0.07027304774066355,0.00011657013904713056
