alpha,z,series_value,hybrid_value,series_is_finite,hybrid_is_finite
0.65,-0.0,1.0,1.0,True,True
0.65,-1.0,0.4063751283021175,0.4063751283021175,True,True
0.65,-2.0,0.22494106594529484,0.22494106594529484,True,True
0.65,-3.0,0.1491501299635445,0.1491501299635445,True,True
0.65,-4.0,0.10996863817945268,0.10996863817945268,True,True
0.65,-5.0,0.0866128013440175,0.0866128013440175,True,True
0.65,-6.0,0.07127070147544146,0.07127070147544146,True,True
0.65,-7.0,0.06047642230987549,0.06047642230987549,True,True
0.65,-8.0,0.05243492126464844,0.05243492126464844,True,True
0.65,-9.0,-0.15380859375,0.047077924829685654,True,True
0.65,-10.0,-55674.3125,0.04207155228498203,True,True
0.65,-11.0,-4977145008.0,0.0380227792206941,True,True
0.65,-12.0,-164580438261760.0,0.034681846524745964,True,True
0.65,-13.0,-2.3611074069366047e+18,0.03187863973462311,True,True
0.65,-14.0,-1.663578120571899e+22,0.029493367667021927,True,True
0.65,-15.0,-6.351054142539244e+25,0.027439277723662624,True,True
0.65,-16.0,-1.4221037188092602e+29,0.025652023466900056,True,True
0.65,-17.0,-1.9926923827327805e+32,0.024082882727394377,True,True
0.65,-18.0,-1.8436625457609927e+35,0.02269429449012504,True,True
0.65,-19.0,-1.1780882750022648e+38,0.021456840781450194,True,True
0.65,-20.0,-5.400631877162611e+40,0.020347156385381426,True,True
0.65,-21.0,-1.834748562163437e+43,0.019346450225296345,True,True
0.65,-22.0,-4.7500623207705624e+45,0.018439439527660764,True,True
0.65,-23.0,-9.60106768499008e+47,0.01761356843723141,True,True
0.65,-24.0,-1.5473941860458558e+50,0.01685842636969997,True,True
0.65,-25.0,-2.0257407458994166e+52,0.016165309020316862,True,True
0.65,-26.0,-2.1895832345077036e+54,0.015526882844548583,True,True
0.65,-27.0,-1.982544823003526e+56,0.014936925653830155,True,True
0.65,-28.0,-1.5232490042435252e+58,0.014390123929167399,True,True
0.65,-29.0,-1.0046553419550223e+60,0.013881912902680565,True,True
0.65,-30.0,-5.747292599169904e+61,0.013408349242895027,True,True
0.65,-31.0,-2.878511422231386e+63,0.012966008848075482,True,True
0.65,-32.0,-1.2729241499538721e+65,0.012551904157692898,True,True
0.65,-33.0,-5.008402444788189e+66,0.012163416769847555,True,True
0.65,-34.0,-1.7655967059576178e+68,0.011798242159788858,True,True
0.65,-35.0,-5.612402493881665e+69,0.011454344038970504,True,True
0.65,-36.0,-1.6181032900401013e+71,0.011129916449482599,True,True
0.65,-37.0,-4.253930037434289e+72,0.010823352106994463,True,True
0.65,-38.0,-1.0248052287870252e+74,0.010533215823114287,True,True
0.65,-39.0,-2.272649606281645e+75,0.010258222081456452,True,True
0.65,-40.0,-4.658939147677326e+76,0.009997216029555696,True,True
0.65,-41.0,-8.863251067203333e+77,0.009749157294807097,True,True
0.65,-42.0,-1.570422178607622e+79,0.009513106146928064,True,True
0.65,-43.0,-2.600233759889726e+80,0.00928821161950734,True,True
0.65,-44.0,-4.03585685223209e+81,0.009073701274607597,True,True
0.65,-45.0,-5.8891126436687344e+82,0.00886887235132378,True,True
0.65,-46.0,-8.100926461910852e+83,0.008673084084852586,True,True
0.65,-47.0,-1.053159160127471e+85,0.008485751019429433,True,True
0.65,-48.0,-1.2970652042060418e+86,0.00830633716830445,True,True
0.65,-49.0,-1.5167292218281772e+87,0.008134350898201054,True,True
0.65,-50.0,-1.6875003322186295e+88,0.00796934043555119,True,True
0.65,-51.0,-1.789889372742385e+89,0.007810889908107413,True,True
0.65,-52.0,-1.8132679909845415e+90,0.007658615848982728,True,True
0.65,-53.0,-1.7575678491022437e+91,0.007512164101309813,True,True
0.65,-54.0,-1.6326557176422843e+92,0.007371207070973863,True,True
0.65,-55.0,-1.4557542974259142e+93,0.0072354412826035,True,True
0.65,-56.0,-1.2477694003776688e+94,0.0071045852004782565,True,True
0.65,-57.0,-1.029534919524613e+95,0.006978377281451959,True,True
0.65,-58.0,-8.188122136145161e+95,0.006856574231578848,True,True
0.65,-59.0,-6.285074599688958e+96,0.006738949442009587,True,True
0.65,-60.0,-4.661635294348896e+97,0.006625291583016608,True,True
0.65,-61.0,-3.34472923991487e+98,0.0065154033378096625,True,True
0.65,-62.0,-2.324060703552684e+99,0.006409100260193271,True,True
0.65,-63.0,-1.5654682766507966e+100,0.006306209742163476,True,True
0.65,-64.0,-1.023238191340083e+101,0.006206570079296589,True,True
0.65,-65.0,-6.49606613837778e+101,0.006110029623292466,True,True
0.65,-66.0,-4.009150214723967e+102,0.006016446012336838,True,True
0.65,-67.0,-2.407420243041951e+103,0.005925685471072679,True,True
0.65,-68.0,-1.4076744668489383e+104,0.0058376221729456185,True,True
0.65,-69.0,-8.021228441574902e+104,0.00575213765853521,True,True
0.65,-70.0,-4.457494943547124e+105,0.005669120304220651,True,True
0.65,-71.0,-2.417471675340447e+106,0.005588464836172231,True,True
0.65,-72.0,-1.2804090712722412e+107,0.0055100718852212896,True,True
0.65,-73.0,-6.627303891716376e+107,0.005433847578653266,True,True
0.65,-74.0,-3.354271439159498e+108,0.005359703165399739,True,True
0.65,-75.0,-1.6610935870880698e+109,0.005287554671484614,True,True
0.65,-76.0,-8.053331637483259e+109,0.005217322582913458,True,True
0.65,-77.0,-3.824580490732768e+110,0.005148931553489591,True,True
0.65,-78.0,-1.7801253202055566e+111,0.005082310135300709,True,True
0.65,-79.0,-8.124541191159838e+111,0.00501739052985034,True,True
0.65,-80.0,-3.6378361260267932e+112,0.004954108358012542,True,True
1.35,-0.0,1.0,1.0,True,True
1.35,-1.0,0.37376386704490444,0.37376386704490444,True,True
1.35,-2.0,0.044714115339060556,0.044714115339060556,True,True
1.35,-3.0,-0.10929372032957385,-0.10929372032957385,True,True
1.35,-4.0,-0.16490724239412957,-0.16490724239412957,True,True
1.35,-5.0,-0.16899744635159308,-0.16899744635159308,True,True
1.35,-6.0,-0.1492680978762344,-0.1492680978762344,True,True
1.35,-7.0,-0.12133285661326454,-0.12133285661326454,True,True
1.35,-8.0,-0.0933722843235465,-0.0933722843235465,True,True
1.35,-9.0,-0.06914896630349432,-0.07549602574125724,True,True
1.35,-10.0,-0.04992125515324375,-0.0555340345251016,True,True
1.35,-11.0,-0.03562790360535928,-0.040680140940888745,True,True
1.35,-12.0,-0.02559755421890486,-0.030206690406837884,True,True
1.35,-13.0,-0.018954469871232504,-0.023203234647406087,True,True
1.35,-14.0,-0.01483470052710345,-0.018783472792968936,True,True
1.35,-15.0,-0.012487638540221724,-0.01618185118958696,True,True
1.35,-16.0,-0.0113112649365803,-0.014786018815810133,True,True
1.35,-17.0,-0.010851509152757899,-0.014134549394869862,True,True
1.35,-18.0,-0.010784319064669035,-0.013898015199058322,True,True
1.35,-19.0,-0.010891350972542568,-0.013854051242727726,True,True
1.35,-20.0,-0.011035298669639815,-0.013862279769303432,True,True
1.35,-21.0,-0.011137854735807196,-0.013842003075887855,True,True
1.35,-22.0,-0.011161494332554867,-0.013753804891633437,True,True
1.35,-23.0,-0.011095255395048298,-0.01358520390436075,True,True
1.35,-24.0,-0.010944165631372016,-0.013339991052633372,True,True
1.35,-25.0,-0.010721741864472278,-0.013030664137332134,True,True
1.35,-26.0,-0.010444934450788423,-0.01267332476290222,True,True
1.35,-27.0,-0.01013092874927679,-0.012284444430671055,True,True
1.35,-28.0,-0.009795297304663109,-0.01187898996524876,True,True
1.35,-29.0,-0.009451091369555797,-0.011469494552484444,True,True
1.35,-30.0,-0.00910855268011801,-0.011065753590809895,True,True
1.35,-31.0,-0.00877520768699469,-0.010674906477475855,True,True
1.35,-32.0,-0.008456174226012081,-0.010301733416928293,True,True
1.35,-33.0,-0.008154564289725386,-0.00994905018715956,True,True
1.35,-34.0,-0.00787190711707808,-0.009618124822015486,True,True
1.35,-35.0,-0.007608546933624893,-0.009309070285641157,True,True
1.35,-36.0,-0.007363991346210241,-0.009021188499522357,True,True
1.35,-37.0,-0.007137200096622109,-0.008753255484873334,True,True
1.35,-38.0,-0.00692681351210922,-0.00850374660933015,True,True
1.35,-39.0,-0.006731324014253914,-0.00827100639224062,True,True
1.35,-40.0,-0.00654920085798949,-0.008053370154885608,True,True
1.35,-41.0,-0.006378973135724664,-0.007849245868601836,True,True
1.35,-42.0,-0.006219281116500497,-0.007657164501737568,True,True
1.35,-43.0,-0.006068905349820852,-0.007475806462038262,True,True
1.35,-44.0,-0.005926776211708784,-0.0073040106988040586,True,True
1.35,-45.0,-0.005791973322629929,-0.007140771885006645,True,True
1.35,-46.0,-0.00566371064633131,-0.006985229979304419,True,True
1.35,-47.0,-0.005541330203413963,-0.006836655449811528,True,True
1.35,-48.0,-0.005424284376204014,-0.006694432563970721,True,True
1.35,-49.0,-0.005312107503414154,-0.0065580424239414375,True,True
1.35,-50.0,-0.005204422399401665,-0.00642704685000199,True,True
1.35,-51.0,-0.005100905895233154,-0.006301073771582654,True,True
1.35,-52.0,-0.00500129908323288,-0.0061798044581302045,True,True
1.35,-53.0,-0.004905354231595993,-0.006062962690155134,True,True
1.35,-54.0,-0.004812896251678467,-0.00595030581531624,True,True
1.35,-55.0,-0.0047237202525138855,-0.005841617537875283,True,True
1.35,-56.0,-0.004637673497200012,-0.005736702237318472,True,True
1.35,-57.0,-0.004554629325866699,-0.0056353805909486795,True,True
1.35,-58.0,-0.004474475979804993,-0.005537486275814877,True,True
1.35,-59.0,-0.004397034645080566,-0.005442863539698591,True,True
1.35,-60.0,-0.0043222010135650635,-0.005351365453177751,True,True
1.35,-61.0,-0.004250049591064453,-0.0052628526807957845,True,True
1.35,-62.0,-0.004180192947387695,-0.005177192636129706,True,True
1.35,-63.0,-0.004112660884857178,-0.005094258911139273,True,True
1.35,-64.0,-0.004047811031341553,-0.005013930893422398,True,True
1.35,-65.0,-0.003985047340393066,-0.004936093505296403,True,True
1.35,-66.0,-0.003924131393432617,-0.004860637015765575,True,True
1.35,-67.0,-0.003865957260131836,-0.004787456890485849,True,True
1.35,-68.0,-0.003809690475463867,-0.004716453656028139,True,True
1.35,-69.0,-0.0037560462951660156,-0.00464753276339736,True,True
1.35,-70.0,-0.003704071044921875,-0.004580604442248768,True,True
1.35,-71.0,-0.00365447998046875,-0.004515583541925051,True,True
1.35,-72.0,-0.00360870361328125,-0.004452389358664669,True,True
1.35,-73.0,-0.003566741943359375,-0.004390945450417665,True,True
1.35,-74.0,-0.0035266876220703125,-0.004331179441922736,True,True
1.35,-75.0,-0.003490447998046875,-0.004273022823278298,True,True
1.35,-76.0,-0.0034656524658203125,-0.004216410745368773,True,True
1.35,-77.0,-0.003437042236328125,-0.004161281815335087,True,True
1.35,-78.0,-0.003421783447265625,-0.004107577894921441,True,True
1.35,-79.0,-0.00341796875,-0.00405524390407556,True,True
1.35,-80.0,-0.003414154052734375,-0.004004227631689822,True,True
