alpha,selected_terms,converged,work_budget_switched,adaptive_objective,reference_objective,adaptive_gradient,reference_gradient,objective_relative_error,gradient_relative_error
0.52,126,True,False,0.36775836759852304,0.36775836759852304,-0.15204847058794257,-0.15204847058794257,0.0,0.0
0.5225,126,True,False,0.36737800018510436,0.36737800018510436,-0.1522455654812802,-0.1522455654812802,0.0,0.0
0.525,126,True,False,0.3669971392443067,0.3669971392443067,-0.15244329227789422,-0.15244329227789422,0.0,0.0
0.5275,126,True,False,0.3666157831967432,0.3666157831967432,-0.15264165122334816,-0.15264165122334816,0.0,0.0
0.53,126,True,False,0.3662339304613753,0.3662339304613753,-0.1528406424372406,-0.1528406424372406,0.0,0.0
0.5325,126,True,False,0.3658515794577316,0.3658515794577316,-0.15304026600915677,-0.15304026600915677,0.0,0.0
0.535,126,True,False,0.36546872860453,0.36546872860453,-0.1532405219377324,-0.1532405219377324,0.0,0.0
0.5375,126,True,False,0.36508537632121424,0.36508537632121424,-0.1534414101697621,-0.1534414101697621,0.0,0.0
0.54,126,True,False,0.3647015210268971,0.3647015210268971,-0.15364293055654343,-0.15364293055654343,0.0,0.0
0.5425,126,True,False,0.36431716114170654,0.36431716114170654,-0.1538450828970781,-0.1538450828970781,0.0,0.0
0.545,126,True,False,0.36393229508595565,0.36393229508595565,-0.15404786690533,-0.15404786690533,0.0,0.0
0.5475,126,True,False,0.3635469212810494,0.3635469212810494,-0.15425128221613704,-0.15425128221613704,0.0,0.0
0.55,126,True,False,0.36316103814916895,0.36316103814916895,-0.1544553283854384,-0.1544553283854384,0.0,0.0
0.5525,126,True,False,0.3627746441138567,0.3627746441138567,-0.15466000488595455,-0.15466000488595455,0.0,0.0
0.555,126,True,False,0.3623877376000112,0.3623877376000112,-0.1548653111094609,-0.1548653111094609,0.0,0.0
0.5575,126,True,False,0.3620003170341351,0.3620003170341351,-0.155071246356556,-0.155071246356556,0.0,0.0
0.56,126,True,False,0.36161238084466596,0.36161238084466596,-0.1552778098489398,-0.1552778098489398,0.0,0.0
0.5625,126,True,False,0.36122392746207926,0.36122392746207926,-0.15548500071258786,-0.15548500071258786,0.0,0.0
0.5650000000000001,126,True,False,0.36083495531910337,0.36083495531910337,-0.15569281798343582,-0.15569281798343582,0.0,0.0
0.5675,126,True,False,0.36044546285107426,0.36044546285107426,-0.15590126060283183,-0.15590126060283183,0.0,0.0
0.5700000000000001,126,True,False,0.3600554484958986,0.3600554484958986,-0.15611032741367126,-0.15611032741367126,0.0,0.0
0.5725,126,True,False,0.3596649106948337,0.3596649106948337,-0.15632001716778632,-0.15632001716778632,0.0,0.0
0.575,126,True,False,0.3592738478920716,0.3592738478920716,-0.15653032850798354,-0.15653032850798354,0.0,0.0
0.5775,126,True,False,0.35888225853549144,0.35888225853549144,-0.15674125998100408,-0.15674125998100408,0.0,0.0
0.58,126,True,False,0.35849014107673977,0.35849014107673977,-0.1569528100254729,-0.1569528100254729,0.0,0.0
0.5825,84,True,True,0.35809749397129825,0.35809749397129825,-0.157164976967465,-0.157164976967465,0.0,0.0
0.585,84,True,False,0.35770431567928845,0.35770431567928845,-0.15737775903346574,-0.15737775903346574,0.0,0.0
0.5875,84,True,False,0.3573106046651007,0.3573106046651007,-0.15759115432683757,-0.15759115432683757,0.0,0.0
0.59,84,True,False,0.3569163593982395,0.3569163593982395,-0.1578051608428268,-0.1578051608428268,0.0,0.0
0.5925,84,True,False,0.3565215783533312,0.3565215783533312,-0.1580197764581044,-0.1580197764581044,0.0,0.0
0.595,84,True,False,0.35612626001023856,0.35612626001023856,-0.15823499892246673,-0.15823499892246673,0.0,0.0
0.5975,84,True,False,0.3557304028549631,0.3557304028549631,-0.1584508258717392,-0.1584508258717392,0.0,0.0
0.6,84,True,False,0.3553340053792638,0.3553340053792638,-0.15866725480901778,-0.15866725480901778,0.0,0.0
0.6025,84,True,False,0.3549370660814298,0.3549370660814298,-0.1588842831104671,-0.1588842831104671,0.0,0.0
0.605,84,True,False,0.3545395834665338,0.3545395834665338,-0.15910190802270563,-0.15910190802270563,0.0,0.0
0.6075,84,True,False,0.3541415560465434,0.3541415560465434,-0.15932012665444972,-0.15932012665444972,0.0,0.0
0.61,84,True,False,0.353742982340997,0.353742982340997,-0.15953893597975366,-0.15953893597975366,0.0,0.0
0.6125,84,True,False,0.35334386087705216,0.35334386087705216,-0.1597583328294263,-0.1597583328294263,0.0,0.0
0.615,84,True,False,0.35294419019002166,0.35294419019002166,-0.15997831389319117,-0.15997831389319117,0.0,0.0
0.6175,84,True,False,0.35254396882361966,0.35254396882361966,-0.16019887571059144,-0.16019887571059144,0.0,0.0
0.62,84,True,False,0.35214319533050004,0.35214319533050004,-0.16042001467502587,-0.16042001467502587,0.0,0.0
0.6225,84,True,False,0.3517418682724249,0.3517418682724249,-0.1606417270228917,-0.1606417270228917,0.0,0.0
0.625,84,True,False,0.35133998622082746,0.35133998622082746,-0.1608640088361426,-0.1608640088361426,0.0,0.0
0.6275,84,True,False,0.3509375477570648,0.3509375477570648,-0.16108685603506956,-0.16108685603506956,0.0,0.0
0.63,84,True,False,0.35053455147300544,0.35053455147300544,-0.1613102643779598,-0.1613102643779598,0.0,0.0
0.6325000000000001,84,True,False,0.35013099597124414,0.35013099597124414,-0.16153422945495777,-0.16153422945495777,0.0,0.0
0.635,84,True,False,0.34972687986560264,0.34972687986560264,-0.16175874668459755,-0.16175874668459755,0.0,0.0
0.6375,84,True,False,0.3493222017816513,0.3493222017816513,-0.16198381131303563,-0.16198381131303563,0.0,0.0
0.64,84,True,False,0.34891696035697606,0.34891696035697606,-0.16220941840597902,-0.16220941840597902,0.0,0.0
0.6425,84,True,False,0.3485111542418209,0.3485111542418209,-0.1624355628499643,-0.1624355628499643,0.0,0.0
0.645,84,True,False,0.34810478209935497,0.34810478209935497,-0.16266223934289314,-0.16266223934289314,0.0,0.0
0.6475,84,True,False,0.34769784260629477,0.34769784260629477,-0.16288944239491343,-0.16288944239491343,0.0,0.0
0.65,84,True,False,0.34729033445330915,0.34729033445330915,-0.1631171663219959,-0.1631171663219959,0.0,0.0
0.6525,84,True,False,0.346882256345509,0.346882256345509,-0.16334540524167096,-0.16334540524167096,0.0,0.0
0.655,84,True,False,0.3464736070030152,0.3464736070030152,-0.16357415307092538,-0.16357415307092538,0.0,0.0
0.6575,84,True,False,0.34606438516130683,0.34606438516130683,-0.163803403518898,-0.163803403518898,0.0,0.0
0.66,84,True,False,0.34565458957197964,0.34565458957197964,-0.16403315008633967,-0.16403315008633967,0.0,0.0
0.6625,84,True,False,0.3452442190030399,0.3452442190030399,-0.16426338605765523,-0.16426338605765523,0.0,0.0
0.665,84,True,False,0.34483327223962545,0.34483327223962545,-0.16449410449925495,-0.16449410449925495,0.0,0.0
0.6675,84,True,False,0.34442174808443826,0.34442174808443826,-0.164725298253245,-0.164725298253245,0.0,0.0
0.6699999999999999,84,True,False,0.34400964535840695,0.34400964535840695,-0.1649569599345,-0.1649569599345,0.0,0.0
0.6725,84,True,False,0.343596962901177,0.343596962901177,-0.165189081924197,-0.165189081924197,0.0,0.0
0.675,84,True,False,0.34318369957173567,0.34318369957173567,-0.16542165636650452,-0.16542165636650452,0.0,0.0
0.6775,84,True,False,0.3427698542490382,0.3427698542490382,-0.1656546751635659,-0.1656546751635659,0.0,0.0
0.6799999999999999,84,True,False,0.3423554258325723,0.3423554258325723,-0.1658881299702557,-0.1658881299702557,0.0,0.0
0.6825,84,True,False,0.3419404132430045,0.3419404132430045,-0.16612201218937628,-0.16612201218937628,0.0,0.0
0.685,84,True,False,0.3415248154228213,0.3415248154228213,-0.16635631296701092,-0.16635631296701092,0.0,0.0
0.6875,84,True,False,0.3411086313369565,0.3411086313369565,-0.16659102318713792,-0.16659102318713792,0.0,0.0
0.69,84,True,False,0.34069185997348267,0.34069185997348267,-0.16682613346661412,-0.16682613346661412,0.0,0.0
0.6925,84,True,False,0.34027450034427464,0.34027450034427464,-0.16706163415008746,-0.16706163415008746,0.0,0.0
0.695,84,True,False,0.3398565514856688,0.3398565514856688,-0.16729751530452575,-0.16729751530452575,0.0,0.0
0.6975,84,True,False,0.3394380124591991,0.3394380124591991,-0.16753376671340448,-0.16753376671340448,0.0,0.0
0.7,84,True,False,0.33901888235230787,0.33901888235230787,-0.1677703778726709,-0.1677703778726709,0.0,0.0
0.7025,84,True,False,0.3385991602790393,0.3385991602790393,-0.16800733798355338,-0.16800733798355338,0.0,0.0
0.705,56,True,True,0.3381788453808348,0.3381788453808348,-0.16824463594817018,-0.16824463594817018,0.0,0.0
0.7075,56,True,False,0.337757936827249,0.337757936827249,-0.1684822603637457,-0.1684822603637457,0.0,0.0
0.71,56,True,False,0.337336433816723,0.337336433816723,-0.16872019951595973,-0.16872019951595973,0.0,0.0
0.7125,56,True,False,0.33691433557740236,0.33691433557740236,-0.16895844137452798,-0.16895844137452798,0.0,0.0
0.715,56,True,False,0.3364916413678787,0.3364916413678787,-0.1691969735861818,-0.1691969735861818,0.0,0.0
0.7175,56,True,False,0.3360683504780724,0.3360683504780724,-0.16943578346959498,-0.16943578346959498,0.0,0.0
0.72,56,True,False,0.3356444622299792,0.3356444622299792,-0.169674858008392,-0.169674858008392,0.0,0.0
0.7224999999999999,56,True,False,0.3352199759786013,0.3352199759786013,-0.16991418384630919,-0.16991418384630919,0.0,0.0
0.725,56,True,False,0.3347948911127415,0.3347948911127415,-0.17015374727998278,-0.17015374727998278,0.0,0.0
0.7275,56,True,False,0.33436920705590883,0.33436920705590883,-0.1703935342533498,-0.1703935342533498,0.0,0.0
0.73,56,True,False,0.3339429232671944,0.3339429232671944,-0.17063353035094764,-0.17063353035094764,0.0,0.0
0.7324999999999999,56,True,False,0.33351603924219175,0.33351603924219175,-0.1708737207920734,-0.1708737207920734,0.0,0.0
0.735,56,True,False,0.333088554513896,0.333088554513896,-0.17111409042371406,-0.17111409042371406,0.0,0.0
0.7375,56,True,False,0.33266046865367616,0.33266046865367616,-0.171354623714862,-0.171354623714862,0.0,0.0
0.74,56,True,False,0.3322317812721956,0.3322317812721956,-0.171595304749232,-0.171595304749232,0.0,0.0
0.7424999999999999,56,True,False,0.3318024920203885,0.3318024920203885,-0.17183611721893044,-0.17183611721893044,0.0,0.0
0.745,56,True,False,0.33137260059047974,0.33137260059047974,-0.17207704441814542,-0.17207704441814542,0.0,0.0
0.7474999999999999,56,True,False,0.33094210671694035,0.33094210671694035,-0.17231806923578574,-0.17231806923578574,0.0,0.0
0.75,56,True,False,0.3305110101775423,0.3305110101775423,-0.17255917414913569,-0.17255917414913569,0.0,0.0
0.7525000000000001,56,True,False,0.33007931079438774,0.33007931079438774,-0.17280034121697696,-0.17280034121697696,0.0,0.0
0.755,56,True,False,0.3296470084349588,0.3296470084349588,-0.1730415520725117,-0.1730415520725117,0.0,0.0
0.7575000000000001,56,True,False,0.32921410301318893,0.32921410301318893,-0.17328278791664076,-0.17328278791664076,0.0,0.0
0.76,56,True,False,0.32878059449056896,0.32878059449056896,-0.17352402951078005,-0.17352402951078005,0.0,0.0
0.7625,56,True,False,0.3283464828772372,0.3283464828772372,-0.17376525716996838,-0.17376525716996838,0.0,0.0
0.765,56,True,False,0.32791176823310003,0.32791176823310003,-0.1740064507556056,-0.1740064507556056,0.0,0.0
0.7675000000000001,56,True,False,0.32747645066900455,0.32747645066900455,-0.1742475896686102,-0.1742475896686102,0.0,0.0
0.77,56,True,False,0.32704053034785857,0.32704053034785857,-0.17448865284195136,-0.17448865284195136,0.0,0.0
0.7725,56,True,False,0.32660400748584956,0.32660400748584956,-0.17472961873370707,-0.17472961873370707,0.0,0.0
0.775,56,True,False,0.32616688235360136,0.32616688235360136,-0.17497046531950744,-0.17497046531950744,0.0,0.0
0.7775000000000001,56,True,False,0.3257291552774198,0.3257291552774198,-0.1752111700856176,-0.1752111700856176,0.0,0.0
0.78,56,True,False,0.32529082664051717,0.32529082664051717,-0.1754517100213775,-0.1754517100213775,0.0,0.0
0.7825,56,True,False,0.3248518968842538,0.3248518968842538,-0.17569206161190465,-0.17569206161190465,0.0,0.0
0.785,56,True,False,0.32441236650941957,0.32441236650941957,-0.17593220083089633,-0.17593220083089633,0.0,0.0
0.7875,56,True,False,0.323972236077515,0.323972236077515,-0.1761721031330623,-0.1761721031330623,0.0,0.0
0.79,56,True,False,0.32353150621206167,0.32353150621206167,-0.17641174344684174,-0.17641174344684174,0.0,0.0
0.7925,56,True,False,0.3230901775999266,0.3230901775999266,-0.17665109616701358,-0.17665109616701358,0.0,0.0
0.795,56,True,False,0.322648250992664,0.322648250992664,-0.17689013514728202,-0.17689013514728202,0.0,0.0
0.7975,56,True,False,0.3222057272078719,0.3222057272078719,-0.1771288336926311,-0.1771288336926311,0.0,0.0
0.8,56,True,False,0.3217626071305871,0.3217626071305871,-0.17736716455230805,-0.17736716455230805,0.0,0.0
0.8025,56,True,False,0.32131889171467803,0.32131889171467803,-0.17760509991218854,-0.17760509991218854,0.0,0.0
0.805,56,True,False,0.3208745819842498,0.3208745819842498,-0.1778426113871916,-0.1778426113871916,0.0,0.0
0.8075,56,True,False,0.32042967903509606,0.32042967903509606,-0.17807967001422043,-0.17807967001422043,0.0,0.0
0.81,56,True,False,0.31998418403615864,0.31998418403615864,-0.1783162462445631,-0.1783162462445631,0.0,0.0
0.8125,56,True,False,0.31953809823097423,0.31953809823097423,-0.1785523099366415,-0.1785523099366415,0.0,0.0
0.815,56,True,False,0.3190914229391905,0.3190914229391905,-0.17878783034849732,-0.17878783034849732,0.0,0.0
0.8175,56,True,False,0.3186441595580751,0.3186441595580751,-0.17902277613074347,-0.17902277613074347,0.0,0.0
0.8200000000000001,56,True,False,0.3181963095640161,0.3181963095640161,-0.1792571153190501,-0.1792571153190501,0.0,0.0
0.8225,56,True,False,0.31774787451411013,0.31774787451411013,-0.17949081532700362,-0.17949081532700362,0.0,0.0
0.825,56,True,False,0.31729885604769326,0.31729885604769326,-0.17972384293898003,-0.17972384293898003,0.0,0.0
0.8275,56,True,False,0.31684925588793617,0.31684925588793617,-0.17995616430285466,-0.17995616430285466,0.0,0.0
0.8300000000000001,56,True,False,0.31639907584344656,0.31639907584344656,-0.18018774492307799,-0.18018774492307799,0.0,0.0
0.8325,56,True,False,0.31594831780987803,0.31594831780987803,-0.1804185496535453,-0.1804185496535453,0.0,0.0
0.835,56,True,False,0.31549698377157154,0.31549698377157154,-0.1806485426906832,-0.1806485426906832,0.0,0.0
0.8375,56,True,False,0.3150450758032095,0.3150450758032095,-0.18087768756655365,-0.18087768756655365,0.0,0.0
0.84,56,True,False,0.31459259607147233,0.31459259607147233,-0.181105947142008,-0.181105947142008,0.0,0.0
0.8425,56,True,False,0.3141395468367425,0.3141395468367425,-0.1813332836000754,-0.1813332836000754,0.0,0.0
0.845,56,True,False,0.31368593045479964,0.31368593045479964,-0.18155965843924093,-0.18155965843924093,0.0,0.0
0.8475,56,True,False,0.31323174937853443,0.31323174937853443,-0.1817850324669621,-0.1817850324669621,0.0,0.0
0.85,56,True,False,0.3127770061596963,0.3127770061596963,-0.1820093657931814,-0.1820093657931814,0.0,0.0
0.8525,56,True,False,0.31232170345063104,0.31232170345063104,-0.1822326178240914,-0.1822326178240914,0.0,0.0
0.855,56,True,False,0.31186584400605666,0.31186584400605666,-0.182454747255834,-0.182454747255834,0.0,0.0
0.8575,56,True,False,0.3114094306848494,0.3114094306848494,-0.18267571206858868,-0.18267571206858868,0.0,0.0
0.86,56,True,False,0.3109524664518285,0.3109524664518285,-0.18289546952039082,-0.18289546952039082,0.0,0.0
0.8625,56,True,False,0.31049495437958297,0.31049495437958297,-0.1831139761415379,-0.1831139761415379,0.0,0.0
0.865,56,True,False,0.31003689765029463,0.31003689765029463,-0.18333118772883772,-0.18333118772883772,0.0,0.0
0.8674999999999999,56,True,False,0.3095782995575661,0.3095782995575661,-0.1835470593400057,-0.1835470593400057,0.0,0.0
0.87,56,True,False,0.3091191635082891,0.3091191635082891,-0.18376154528850108,-0.18376154528850108,0.0,0.0
0.8725,56,True,False,0.30865949302451845,0.30865949302451845,-0.1839745991381836,-0.1839745991381836,0.0,0.0
0.875,38,True,True,0.308199291745321,0.308199291745321,-0.1841861736983219,-0.1841861736983219,0.0,0.0
0.8775,38,True,False,0.3077385634287029,0.3077385634287029,-0.18439622101882058,-0.18439622101882058,0.0,0.0
0.88,38,True,False,0.3072773119535032,0.3072773119535032,-0.18460469238551624,-0.18460469238551624,0.0,0.0
0.8825,38,True,False,0.3068155413212878,0.3068155413212878,-0.18481153831564257,-0.18481153831564257,0.0,0.0
0.885,38,True,False,0.30635325565830973,0.30635325565830973,-0.1850167085537855,-0.1850167085537855,0.0,0.0
0.8875,38,True,False,0.30589045921743285,0.30589045921743285,-0.18522015206765907,-0.18522015206765907,0.0,0.0
0.89,38,True,False,0.30542715638006385,0.30542715638006385,-0.18542181704429517,-0.18542181704429517,0.0,0.0
0.8925,38,True,False,0.3049633516581317,0.3049633516581317,-0.18562165088652627,-0.18562165088652627,0.0,0.0
0.895,38,True,False,0.30449904969604275,0.30449904969604275,-0.18581960020956956,-0.18581960020956956,0.0,0.0
0.8975,38,True,False,0.30403425527264294,0.30403425527264294,-0.18601561083779927,-0.18601561083779927,0.0,0.0
0.9,38,True,False,0.3035689733032196,0.3035689733032196,-0.18620962780203243,-0.18620962780203243,0.0,0.0
0.9025,38,True,False,0.3031032088414707,0.3031032088414707,-0.18640159533677902,-0.18640159533677902,0.0,0.0
0.905,38,True,False,0.30263696708150656,0.30263696708150656,-0.18659145687786172,-0.18659145687786172,0.0,0.0
0.9075,38,True,False,0.302170253359856,0.302170253359856,-0.1867791550604352,-0.1867791550604352,0.0,0.0
0.91,38,True,False,0.3017030731574524,0.3017030731574524,-0.18696463171701794,-0.18696463171701794,0.0,0.0
0.9125,38,True,False,0.30123543210166215,0.30123543210166215,-0.18714782787603923,-0.18714782787603923,0.0,0.0
0.915,38,True,False,0.30076733596828054,0.30076733596828054,-0.18732868376055833,-0.18732868376055833,0.0,0.0
0.9175,38,True,False,0.30029879068355264,0.30029879068355264,-0.18750713878731595,-0.18750713878731595,0.0,0.0
0.92,38,True,False,0.29982980232619644,0.29982980232619644,-0.18768313156609828,-0.18768313156609828,0.0,0.0
0.9225,38,True,False,0.29936037712940583,0.29936037712940583,-0.18785659989939596,-0.18785659989939596,0.0,0.0
0.925,38,True,False,0.2988905214828844,0.2988905214828844,-0.18802748078239517,-0.18802748078239517,0.0,0.0
0.9275,38,True,False,0.2984202419348561,0.2984202419348561,-0.1881957104033205,-0.1881957104033205,0.0,0.0
0.9299999999999999,38,True,False,0.29794954519407846,0.29794954519407846,-0.1883612241439998,-0.1883612241439998,0.0,0.0
0.9325,38,True,False,0.29747843813186425,0.29747843813186425,-0.1885239565809691,-0.1885239565809691,0.0,0.0
0.9349999999999999,38,True,False,0.29700692778409316,0.29700692778409316,-0.18868384148674622,-0.18868384148674622,0.0,0.0
0.9375,38,True,False,0.2965350213532106,0.2965350213532106,-0.18884081183148282,-0.18884081183148282,0.0,0.0
0.94,38,True,False,0.2960627262102403,0.2960627262102403,-0.18899479978510847,-0.18899479978510847,0.0,0.0
0.9425,38,True,False,0.29559004989678056,0.29559004989678056,-0.18914573671967538,-0.18914573671967538,0.0,0.0
0.945,38,True,False,0.29511700012698944,0.29511700012698944,-0.1892935532121678,-0.1892935532121678,0.0,0.0
0.9475,38,True,False,0.2946435847895776,0.2946435847895776,-0.18943817904768956,-0.18943817904768956,0.0,0.0
0.95,38,True,False,0.2941698119497779,0.2941698119497779,-0.18957954322301607,-0.18957954322301607,0.0,0.0
0.9525,38,True,False,0.2936956898513131,0.2936956898513131,-0.1897175739504835,-0.1897175739504835,0.0,0.0
0.955,38,True,False,0.2932212269183486,0.2932212269183486,-0.18985219866239156,-0.18985219866239156,0.0,0.0
0.9575,38,True,False,0.29274643175744514,0.29274643175744514,-0.18998334401574368,-0.18998334401574368,0.0,0.0
0.96,38,True,False,0.2922713131594771,0.2922713131594771,-0.19011093589731942,-0.19011093589731942,0.0,0.0
0.9625,38,True,False,0.2917958801015644,0.2917958801015644,-0.19023489942928862,-0.19023489942928862,0.0,0.0
0.965,38,True,False,0.2913201417489665,0.2913201417489665,-0.1903551589751693,-0.1903551589751693,0.0,0.0
0.9675,38,True,False,0.29084410745697875,0.29084410745697875,-0.19047163814620838,-0.19047163814620838,0.0,0.0
0.97,38,True,False,0.29036778677280384,0.29036778677280384,-0.19058425980822058,-0.19058425980822058,0.0,0.0
0.9725,38,True,False,0.2898911894374002,0.2898911894374002,-0.19069294608878806,-0.19069294608878806,0.0,0.0
0.975,38,True,False,0.28941432538732653,0.28941432538732653,-0.19079761838495823,-0.19079761838495823,0.0,0.0
0.9775,38,True,False,0.28893720475654844,0.28893720475654844,-0.19089819737132263,-0.19089819737132263,0.0,0.0
0.98,38,True,False,0.28845983787824186,0.28845983787824186,-0.19099460300860116,-0.19099460300860116,0.0,0.0
