timestamp,elapsed_hours,Temperature1_celsius,Temperature2_celsius,Temperature3_celsius,Temperature4_celsius
2026-02-09T09:20:00,0.000000000,24.0,21.0,22.0,22.0
2026-02-09T09:22:00,0.033333333,27.0,22.0,23.0,23.0
2026-02-09T09:32:00,0.200000000,58.0,28.0,31.0,25.0
2026-02-09T09:42:00,0.366666667,110.0,49.0,50.0,24.0
2026-02-09T09:52:00,0.533333333,166.0,78.0,75.0,25.0
2026-02-09T10:02:00,0.700000000,218.0,109.0,99.0,25.0
2026-02-09T10:12:00,0.866666667,266.0,139.0,127.0,26.0
2026-02-09T10:22:00,1.033333333,310.0,166.0,156.0,27.0
2026-02-09T10:32:00,1.200000000,351.0,192.0,185.0,27.0
2026-02-09T10:42:00,1.366666667,390.0,216.0,212.0,27.0
2026-02-09T10:52:00,1.533333333,427.0,239.0,239.0,28.0
2026-02-09T11:02:00,1.700000000,462.0,261.0,263.0,30.0
2026-02-09T11:12:00,1.866666667,497.0,283.0,288.0,33.0
2026-02-09T11:22:00,2.033333333,529.0,305.0,310.0,34.0
2026-02-09T11:32:00,2.200000000,559.0,325.0,332.0,38.0
2026-02-09T11:42:00,2.366666667,589.0,345.0,353.0,41.0
2026-02-09T11:52:00,2.533333333,612.0,364.0,373.0,44.0
2026-02-09T12:02:00,2.700000000,613.0,372.0,381.0,47.0
2026-02-09T12:12:00,2.866666667,603.0,372.0,383.0,51.0
2026-02-09T12:22:00,3.033333333,588.0,367.0,378.0,54.0
2026-02-09T12:32:00,3.200000000,574.0,363.0,371.0,57.0
2026-02-09T12:42:00,3.366666667,560.0,358.0,364.0,60.0
2026-02-09T12:52:00,3.533333333,546.0,352.0,355.0,62.0
2026-02-09T13:02:00,3.700000000,533.0,346.0,345.0,63.0
2026-02-09T13:12:00,3.866666667,519.0,341.0,335.0,65.0
2026-02-09T13:22:00,4.033333333,507.0,335.0,325.0,66.0
2026-02-09T13:32:00,4.200000000,496.0,329.0,316.0,66.0
2026-02-09T13:42:00,4.366666667,484.0,324.0,306.0,67.0
2026-02-09T13:52:00,4.533333333,473.0,318.0,299.0,68.0
2026-02-09T14:02:00,4.700000000,463.0,312.0,289.0,69.0
2026-02-09T14:12:00,4.866666667,453.0,307.0,282.0,70.0
2026-02-09T14:22:00,5.033333333,443.0,301.0,275.0,70.0
2026-02-09T14:32:00,5.200000000,435.0,295.0,266.0,70.0
2026-02-09T14:42:00,5.366666667,426.0,290.0,260.0,71.0
2026-02-09T14:52:00,5.533333333,417.0,285.0,254.0,71.0
2026-02-09T15:02:00,5.700000000,408.0,279.0,248.0,71.0
2026-02-09T15:12:00,5.866666667,401.0,274.0,241.0,71.0
2026-02-09T15:22:00,6.033333333,392.0,269.0,236.0,71.0
2026-02-09T15:32:00,6.200000000,386.0,265.0,230.0,71.0
2026-02-09T15:42:00,6.366666667,378.0,260.0,226.0,71.0
2026-02-09T15:52:00,6.533333333,370.0,255.0,220.0,71.0
2026-02-09T16:02:00,6.700000000,364.0,250.0,216.0,71.0
2026-02-09T16:12:00,6.866666667,357.0,246.0,211.0,72.0
2026-02-09T16:22:00,7.033333333,351.0,242.0,207.0,71.0
2026-02-09T16:32:00,7.200000000,345.0,238.0,203.0,71.0
2026-02-09T16:42:00,7.366666667,339.0,233.0,199.0,71.0
2026-02-09T16:52:00,7.533333333,333.0,229.0,195.0,71.0
2026-02-09T17:02:00,7.700000000,326.0,225.0,192.0,70.0
2026-02-09T17:12:00,7.866666667,321.0,221.0,188.0,70.0
2026-02-09T17:22:00,8.033333333,315.0,218.0,185.0,71.0
2026-02-09T17:32:00,8.200000000,310.0,214.0,181.0,70.0
2026-02-09T17:42:00,8.366666667,305.0,210.0,178.0,70.0
2026-02-09T17:52:00,8.533333333,300.0,207.0,175.0,70.0
2026-02-09T18:02:00,8.700000000,295.0,203.0,172.0,70.0
2026-02-09T18:12:00,8.866666667,290.0,200.0,169.0,70.0
2026-02-09T18:22:00,9.033333333,286.0,197.0,166.0,69.0
2026-02-09T18:32:00,9.200000000,281.0,194.0,163.0,69.0
2026-02-09T18:42:00,9.366666667,276.0,191.0,161.0,68.0
2026-02-09T18:52:00,9.533333333,272.0,187.0,158.0,69.0
2026-02-09T19:02:00,9.700000000,269.0,185.0,156.0,69.0
2026-02-09T19:12:00,9.866666667,265.0,181.0,153.0,67.0
2026-02-09T19:22:00,10.033333333,260.0,179.0,150.0,67.0
2026-02-09T19:32:00,10.200000000,256.0,176.0,148.0,66.0
2026-02-09T19:42:00,10.366666667,252.0,174.0,145.0,67.0
2026-02-09T19:52:00,10.533333333,248.0,171.0,143.0,66.0
2026-02-09T20:02:00,10.700000000,244.0,168.0,141.0,66.0
2026-02-09T20:12:00,10.866666667,242.0,166.0,140.0,66.0
2026-02-09T20:22:00,11.033333333,239.0,164.0,137.0,65.0
2026-02-09T20:32:00,11.200000000,234.0,161.0,136.0,65.0
2026-02-09T20:42:00,11.366666667,231.0,158.0,134.0,65.0
2026-02-09T20:52:00,11.533333333,227.0,157.0,131.0,64.0
2026-02-09T21:02:00,11.700000000,225.0,154.0,130.0,64.0
2026-02-09T21:22:00,12.033333333,218.0,150.0,126.0,62.0
2026-02-09T21:32:00,12.200000000,215.0,147.0,125.0,63.0
2026-02-09T21:42:00,12.366666667,213.0,146.0,123.0,62.0
2026-02-09T21:52:00,12.533333333,208.0,144.0,122.0,62.0
2026-02-09T22:02:00,12.700000000,206.0,142.0,120.0,62.0
2026-02-09T22:12:00,12.866666667,204.0,140.0,119.0,62.0
2026-02-09T22:22:00,13.033333333,201.0,138.0,116.0,61.0
2026-02-09T22:32:00,13.200000000,199.0,136.0,115.0,61.0
2026-02-09T22:42:00,13.366666667,196.0,134.0,114.0,61.0
2026-02-09T22:52:00,13.533333333,194.0,132.0,112.0,60.0
2026-02-09T23:02:00,13.700000000,190.0,131.0,111.0,60.0
2026-02-09T23:12:00,13.866666667,188.0,129.0,110.0,59.0
2026-02-09T23:22:00,14.033333333,187.0,127.0,109.0,59.0
2026-02-09T23:32:00,14.200000000,184.0,125.0,108.0,58.0
2026-02-09T23:42:00,14.366666667,182.0,124.0,105.0,58.0
2026-02-10T00:02:00,14.700000000,178.0,121.0,103.0,57.0
2026-02-10T00:12:00,14.866666667,176.0,119.0,102.0,57.0
2026-02-10T00:22:00,15.033333333,174.0,118.0,101.0,57.0
2026-02-10T00:32:00,15.200000000,172.0,117.0,100.0,56.0
2026-02-10T00:42:00,15.366666667,170.0,115.0,98.0,56.0
2026-02-10T00:52:00,15.533333333,169.0,113.0,98.0,56.0
2026-02-10T01:02:00,15.700000000,166.0,112.0,97.0,56.0
2026-02-10T01:12:00,15.866666667,163.0,111.0,95.0,56.0
2026-02-10T01:22:00,16.033333333,162.0,109.0,95.0,55.0
2026-02-10T01:32:00,16.200000000,160.0,108.0,93.0,55.0
2026-02-10T01:42:00,16.366666667,158.0,106.0,92.0,55.0
2026-02-10T01:52:00,16.533333333,157.0,106.0,92.0,54.0
2026-02-10T02:02:00,16.700000000,154.0,105.0,91.0,55.0
2026-02-10T02:12:00,16.866666667,153.0,103.0,90.0,54.0
2026-02-10T02:22:00,17.033333333,152.0,102.0,89.0,54.0
2026-02-10T02:32:00,17.200000000,150.0,101.0,88.0,54.0
2026-02-10T02:42:00,17.366666667,148.0,99.0,88.0,53.0
2026-02-10T02:52:00,17.533333333,147.0,99.0,86.0,52.0
2026-02-10T03:02:00,17.700000000,144.0,97.0,85.0,52.0
2026-02-10T03:12:00,17.866666667,144.0,97.0,85.0,52.0
2026-02-10T03:22:00,18.033333333,142.0,95.0,84.0,52.0
2026-02-10T03:32:00,18.200000000,140.0,94.0,83.0,51.0
2026-02-10T03:42:00,18.366666667,139.0,94.0,82.0,51.0
2026-02-10T03:52:00,18.533333333,138.0,93.0,81.0,51.0
2026-02-10T04:02:00,18.700000000,137.0,92.0,81.0,51.0
2026-02-10T04:12:00,18.866666667,134.0,90.0,80.0,50.0
2026-02-10T04:22:00,19.033333333,134.0,89.0,78.0,50.0
2026-02-10T04:32:00,19.200000000,133.0,88.0,77.0,51.0
2026-02-10T04:42:00,19.366666667,131.0,88.0,77.0,50.0
2026-02-10T04:52:00,19.533333333,130.0,88.0,77.0,50.0
2026-02-10T05:02:00,19.700000000,128.0,86.0,76.0,49.0
2026-02-10T05:12:00,19.866666667,127.0,85.0,76.0,49.0
2026-02-10T05:32:00,20.200000000,124.0,84.0,74.0,49.0
2026-02-10T05:42:00,20.366666667,123.0,83.0,73.0,49.0
2026-02-10T05:52:00,20.533333333,122.0,83.0,73.0,48.0
2026-02-10T06:02:00,20.700000000,121.0,81.0,72.0,48.0
2026-02-10T06:12:00,20.866666667,120.0,80.0,72.0,48.0
2026-02-10T06:22:00,21.033333333,119.0,80.0,71.0,48.0
2026-02-10T06:32:00,21.200000000,117.0,79.0,71.0,47.0
2026-02-10T06:42:00,21.366666667,116.0,79.0,70.0,46.0
2026-02-10T06:52:00,21.533333333,116.0,78.0,69.0,47.0
2026-02-10T07:02:00,21.700000000,114.0,77.0,69.0,47.0
2026-02-10T07:12:00,21.866666667,113.0,77.0,69.0,47.0
2026-02-10T07:22:00,22.033333333,111.0,76.0,67.0,47.0
2026-02-10T07:32:00,22.200000000,111.0,75.0,67.0,46.0
2026-02-10T07:42:00,22.366666667,111.0,74.0,67.0,47.0
2026-02-10T07:52:00,22.533333333,109.0,74.0,67.0,46.0
2026-02-10T08:02:00,22.700000000,109.0,73.0,65.0,45.0
2026-02-10T08:12:00,22.866666667,107.0,72.0,65.0,45.0
2026-02-10T08:22:00,23.033333333,106.0,72.0,64.0,45.0
2026-02-10T08:32:00,23.200000000,106.0,71.0,65.0,45.0
2026-02-10T08:42:00,23.366666667,105.0,71.0,64.0,45.0
2026-02-10T08:52:00,23.533333333,104.0,70.0,63.0,45.0
2026-02-10T09:02:00,23.700000000,102.0,69.0,63.0,45.0
2026-02-10T09:12:00,23.866666667,103.0,69.0,63.0,44.0
2026-02-10T09:22:00,24.033333333,101.0,69.0,62.0,44.0
2026-02-10T09:32:00,24.200000000,100.0,68.0,61.0,44.0
2026-02-10T09:42:00,24.366666667,99.0,68.0,61.0,44.0
2026-02-10T09:52:00,24.533333333,99.0,67.0,61.0,43.0
2026-02-10T10:02:00,24.700000000,99.0,67.0,60.0,44.0
2026-02-10T10:12:00,24.866666667,98.0,66.0,60.0,43.0
2026-02-10T10:22:00,25.033333333,97.0,66.0,60.0,43.0
2026-02-10T10:57:00,25.616666667,93.0,81.0,42.0,39.0
2026-02-10T11:05:00,25.750000000,94.0,81.0,43.0,41.0
2026-02-10T11:15:00,25.916666667,94.0,81.0,42.0,41.0
2026-02-10T11:25:00,26.083333333,94.0,81.0,42.0,41.0
2026-02-10T11:35:00,26.250000000,95.0,80.0,45.0,41.0
2026-02-10T11:45:00,26.416666667,125.0,86.0,74.0,41.0
2026-02-10T11:55:00,26.583333333,175.0,104.0,106.0,41.0
2026-02-10T12:05:00,26.750000000,229.0,128.0,133.0,41.0
2026-02-10T12:15:00,26.916666667,279.0,154.0,158.0,42.0
2026-02-10T12:25:00,27.083333333,326.0,181.0,181.0,42.0
2026-02-10T12:35:00,27.250000000,371.0,209.0,200.0,42.0
2026-02-10T12:45:00,27.416666667,411.0,235.0,218.0,43.0
2026-02-10T12:55:00,27.583333333,451.0,262.0,235.0,45.0
2026-02-10T13:05:00,27.750000000,487.0,289.0,250.0,47.0
2026-02-10T13:15:00,27.916666667,524.0,315.0,265.0,49.0
2026-02-10T13:25:00,28.083333333,557.0,341.0,278.0,52.0
2026-02-10T13:35:00,28.250000000,589.0,367.0,291.0,55.0
2026-02-10T13:45:00,28.416666667,614.0,391.0,297.0,57.0
2026-02-10T13:55:00,28.583333333,612.0,406.0,282.0,61.0
2026-02-10T14:05:00,28.750000000,602.0,411.0,268.0,65.0
2026-02-10T14:15:00,28.916666667,589.0,411.0,256.0,67.0
2026-02-10T14:25:00,29.083333333,576.0,408.0,245.0,70.0
2026-02-10T14:35:00,29.250000000,561.0,406.0,238.0,71.0
2026-02-10T14:45:00,29.416666667,548.0,403.0,230.0,73.0
2026-02-10T15:05:00,29.750000000,524.0,395.0,217.0,74.0
2026-02-10T15:15:00,29.916666667,512.0,391.0,212.0,75.0
2026-02-10T15:25:00,30.083333333,501.0,387.0,206.0,75.0
2026-02-10T15:35:00,30.250000000,491.0,383.0,201.0,77.0
2026-02-10T15:45:00,30.416666667,481.0,378.0,197.0,77.0
2026-02-10T15:55:00,30.583333333,472.0,373.0,191.0,77.0
2026-02-10T16:05:00,30.750000000,463.0,368.0,187.0,77.0
2026-02-10T16:15:00,30.916666667,454.0,364.0,183.0,78.0
2026-02-10T16:25:00,31.083333333,446.0,360.0,179.0,77.0
2026-02-10T16:35:00,31.250000000,437.0,354.0,175.0,77.0
2026-02-10T16:45:00,31.416666667,430.0,350.0,171.0,78.0
2026-02-10T16:55:00,31.583333333,422.0,345.0,167.0,77.0
2026-02-10T17:05:00,31.750000000,415.0,340.0,164.0,79.0
2026-02-10T17:15:00,31.916666667,407.0,335.0,160.0,77.0
2026-02-10T17:25:00,32.083333333,400.0,330.0,158.0,77.0
2026-02-10T17:35:00,32.250000000,393.0,326.0,154.0,77.0
2026-02-10T17:45:00,32.416666667,387.0,321.0,151.0,77.0
2026-02-10T17:55:00,32.583333333,380.0,317.0,148.0,77.0
2026-02-10T18:05:00,32.750000000,374.0,312.0,145.0,76.0
2026-02-10T18:15:00,32.916666667,368.0,309.0,142.0,77.0
2026-02-10T18:25:00,33.083333333,362.0,304.0,140.0,76.0
2026-02-10T18:35:00,33.250000000,357.0,300.0,137.0,76.0
2026-02-10T18:55:00,33.583333333,346.0,292.0,132.0,75.0
2026-02-10T19:15:00,33.916666667,335.0,283.0,127.0,73.0
2026-02-10T19:25:00,34.083333333,330.0,279.0,125.0,73.0
2026-02-10T19:35:00,34.250000000,325.0,275.0,122.0,72.0
2026-02-10T19:45:00,34.416666667,320.0,272.0,121.0,73.0
2026-02-10T19:55:00,34.583333333,315.0,268.0,119.0,72.0
2026-02-10T20:05:00,34.750000000,310.0,264.0,117.0,72.0
2026-02-10T20:15:00,34.916666667,306.0,260.0,114.0,71.0
2026-02-10T20:25:00,35.083333333,301.0,257.0,113.0,71.0
2026-02-10T20:35:00,35.250000000,297.0,253.0,111.0,71.0
2026-02-10T20:45:00,35.416666667,294.0,250.0,109.0,70.0
2026-02-10T20:55:00,35.583333333,289.0,246.0,108.0,69.0
2026-02-10T21:05:00,35.750000000,285.0,243.0,107.0,69.0
2026-02-10T21:15:00,35.916666667,281.0,239.0,105.0,69.0
2026-02-10T21:25:00,36.083333333,277.0,237.0,103.0,68.0
2026-02-10T21:45:00,36.416666667,270.0,231.0,100.0,67.0
2026-02-10T21:55:00,36.583333333,265.0,228.0,99.0,67.0
2026-02-10T22:05:00,36.750000000,261.0,224.0,98.0,67.0
2026-02-10T22:15:00,36.916666667,259.0,222.0,95.0,67.0
2026-02-10T22:25:00,37.083333333,256.0,219.0,95.0,66.0
2026-02-10T22:35:00,37.250000000,251.0,216.0,93.0,66.0
2026-02-10T22:55:00,37.583333333,245.0,211.0,90.0,65.0
2026-02-10T23:05:00,37.750000000,242.0,208.0,90.0,64.0
2026-02-10T23:25:00,38.083333333,237.0,203.0,88.0,63.0
2026-02-10T23:35:00,38.250000000,234.0,201.0,87.0,63.0
2026-02-10T23:45:00,38.416666667,231.0,197.0,85.0,63.0
2026-02-10T23:55:00,38.583333333,227.0,196.0,84.0,62.0
2026-02-11T00:05:00,38.750000000,226.0,193.0,83.0,62.0
2026-02-11T00:15:00,38.916666667,222.0,191.0,82.0,62.0
2026-02-11T00:25:00,39.083333333,220.0,189.0,81.0,61.0
2026-02-11T00:35:00,39.250000000,216.0,186.0,80.0,61.0
2026-02-11T00:45:00,39.416666667,214.0,184.0,79.0,59.0
2026-02-11T00:55:00,39.583333333,212.0,183.0,78.0,60.0
2026-02-11T01:05:00,39.750000000,210.0,180.0,78.0,59.0
2026-02-11T01:15:00,39.916666667,206.0,178.0,77.0,60.0
2026-02-11T01:25:00,40.083333333,205.0,176.0,76.0,59.0
2026-02-11T01:35:00,40.250000000,202.0,173.0,75.0,57.0
2026-02-11T01:45:00,40.416666667,200.0,172.0,74.0,59.0
2026-02-11T01:55:00,40.583333333,197.0,170.0,74.0,57.0
2026-02-11T02:05:00,40.750000000,196.0,168.0,72.0,57.0
2026-02-11T02:15:00,40.916666667,194.0,166.0,72.0,57.0
2026-02-11T02:25:00,41.083333333,191.0,164.0,71.0,57.0
2026-02-11T02:35:00,41.250000000,189.0,162.0,70.0,56.0
2026-02-11T02:45:00,41.416666667,187.0,160.0,70.0,56.0
2026-02-11T02:55:00,41.583333333,185.0,159.0,69.0,56.0
2026-02-11T03:05:00,41.750000000,182.0,157.0,67.0,56.0
2026-02-11T03:15:00,41.916666667,182.0,155.0,67.0,55.0
2026-02-11T03:25:00,42.083333333,179.0,153.0,67.0,55.0
2026-02-11T03:35:00,42.250000000,177.0,152.0,66.0,55.0
2026-02-11T03:45:00,42.416666667,175.0,150.0,65.0,54.0
2026-02-11T03:55:00,42.583333333,174.0,149.0,65.0,53.0
2026-02-11T04:05:00,42.750000000,171.0,147.0,64.0,53.0
2026-02-11T04:15:00,42.916666667,170.0,145.0,64.0,53.0
2026-02-11T04:25:00,43.083333333,168.0,145.0,63.0,52.0
2026-02-11T04:35:00,43.250000000,166.0,143.0,62.0,52.0
2026-02-11T04:45:00,43.416666667,165.0,140.0,62.0,53.0
2026-02-11T04:55:00,43.583333333,163.0,139.0,62.0,52.0
2026-02-11T05:05:00,43.750000000,162.0,138.0,60.0,52.0
2026-02-11T05:15:00,43.916666667,160.0,137.0,60.0,52.0
2026-02-11T05:25:00,44.083333333,158.0,135.0,59.0,51.0
2026-02-11T05:35:00,44.250000000,156.0,134.0,59.0,51.0
2026-02-11T05:45:00,44.416666667,156.0,132.0,59.0,51.0
2026-02-11T05:55:00,44.583333333,154.0,131.0,58.0,50.0
2026-02-11T06:05:00,44.750000000,152.0,130.0,58.0,50.0
2026-02-11T06:15:00,44.916666667,151.0,128.0,57.0,49.0
2026-02-11T06:25:00,45.083333333,149.0,127.0,56.0,49.0
2026-02-11T06:35:00,45.250000000,148.0,126.0,56.0,50.0
2026-02-11T06:45:00,45.416666667,147.0,124.0,56.0,50.0
2026-02-11T06:55:00,45.583333333,144.0,124.0,55.0,49.0
2026-02-11T07:05:00,45.750000000,145.0,122.0,55.0,48.0
2026-02-11T07:15:00,45.916666667,142.0,121.0,54.0,48.0
2026-02-11T07:25:00,46.083333333,141.0,120.0,54.0,48.0
2026-02-11T07:35:00,46.250000000,140.0,118.0,54.0,47.0
2026-02-11T07:45:00,46.416666667,139.0,117.0,53.0,48.0
2026-02-11T07:55:00,46.583333333,137.0,117.0,53.0,48.0
2026-02-11T08:05:00,46.750000000,136.0,116.0,52.0,48.0
2026-02-11T08:15:00,46.916666667,134.0,114.0,52.0,47.0
2026-02-11T08:25:00,47.083333333,133.0,114.0,51.0,47.0
2026-02-11T08:35:00,47.250000000,132.0,112.0,52.0,47.0
2026-02-11T08:45:00,47.416666667,131.0,111.0,52.0,46.0
2026-02-11T08:55:00,47.583333333,129.0,110.0,51.0,46.0
2026-02-11T09:05:00,47.750000000,129.0,110.0,50.0,46.0
2026-02-11T09:15:00,47.916666667,129.0,108.0,50.0,46.0
2026-02-11T09:25:00,48.083333333,126.0,107.0,49.0,46.0
2026-02-11T09:35:00,48.250000000,125.0,106.0,50.0,46.0
2026-02-11T09:45:00,48.416666667,123.0,105.0,49.0,45.0
2026-02-11T09:55:00,48.583333333,123.0,105.0,49.0,45.0
2026-02-11T10:05:00,48.750000000,121.0,104.0,49.0,45.0
2026-02-11T10:15:00,48.916666667,121.0,103.0,49.0,45.0
2026-02-11T10:25:00,49.083333333,120.0,102.0,48.0,45.0
2026-02-11T10:35:00,49.250000000,119.0,102.0,47.0,44.0
2026-02-11T10:45:00,49.416666667,118.0,100.0,47.0,44.0
2026-02-11T10:55:00,49.583333333,117.0,99.0,47.0,45.0
2026-02-11T11:05:00,49.750000000,115.0,99.0,47.0,44.0
2026-02-11T11:15:00,49.916666667,115.0,98.0,46.0,44.0
2026-02-11T11:25:00,50.083333333,113.0,97.0,46.0,44.0
2026-02-11T11:45:00,50.416666667,112.0,96.0,46.0,43.0
2026-02-11T11:55:00,50.583333333,111.0,95.0,45.0,43.0
2026-02-11T12:05:00,50.750000000,110.0,94.0,46.0,44.0
2026-02-11T12:15:00,50.916666667,109.0,93.0,46.0,44.0
2026-02-11T12:25:00,51.083333333,108.0,93.0,45.0,44.0
2026-02-11T12:35:00,51.250000000,108.0,92.0,45.0,43.0
2026-02-11T12:45:00,51.416666667,106.0,91.0,45.0,42.0
2026-02-11T13:05:00,51.750000000,106.0,90.0,45.0,43.0
2026-02-11T13:15:00,51.916666667,104.0,89.0,44.0,42.0
2026-02-11T13:35:00,52.250000000,103.0,88.0,44.0,43.0
2026-02-11T13:45:00,52.416666667,102.0,87.0,44.0,42.0
2026-02-11T13:55:00,52.583333333,101.0,87.0,43.0,42.0
2026-02-11T14:05:00,52.750000000,102.0,86.0,44.0,42.0
2026-02-11T14:15:00,52.916666667,100.0,86.0,43.0,42.0
2026-02-11T14:25:00,53.083333333,99.0,85.0,42.0,42.0
2026-02-11T14:35:00,53.250000000,99.0,84.0,43.0,42.0
2026-02-11T14:45:00,53.416666667,97.0,83.0,42.0,41.0
2026-02-11T14:55:00,53.583333333,97.0,83.0,42.0,42.0
2026-02-11T15:05:00,53.750000000,97.0,82.0,42.0,41.0
2026-02-11T15:15:00,53.916666667,96.0,82.0,42.0,41.0
2026-02-11T15:25:00,54.083333333,95.0,81.0,42.0,41.0
2026-02-11T15:35:00,54.250000000,94.0,81.0,42.0,41.0
2026-02-11T15:45:00,54.416666667,94.0,80.0,41.0,41.0
2026-02-11T15:55:00,54.583333333,92.0,80.0,42.0,40.0
2026-02-11T16:05:00,54.750000000,92.0,79.0,41.0,40.0
2026-02-11T16:15:00,54.916666667,91.0,79.0,40.0,41.0
2026-02-11T16:25:00,55.083333333,91.0,78.0,41.0,41.0
2026-02-11T16:35:00,55.250000000,90.0,77.0,41.0,40.0
2026-02-11T16:45:00,55.416666667,90.0,77.0,41.0,40.0
2026-02-11T16:55:00,55.583333333,90.0,76.0,40.0,40.0
2026-02-11T17:05:00,55.750000000,87.0,75.0,39.0,40.0
2026-02-11T17:15:00,55.916666667,88.0,76.0,40.0,40.0
2026-02-11T17:25:00,56.083333333,87.0,75.0,40.0,39.0
2026-02-11T17:35:00,56.250000000,87.0,75.0,39.0,39.0
2026-02-11T17:55:00,56.583333333,86.0,74.0,39.0,39.0
2026-02-11T18:05:00,56.750000000,86.0,73.0,39.0,39.0
2026-02-11T18:15:00,56.916666667,86.0,72.0,39.0,39.0
2026-02-11T18:25:00,57.083333333,84.0,72.0,38.0,39.0
2026-02-11T18:35:00,57.250000000,84.0,72.0,39.0,39.0
2026-02-11T18:45:00,57.416666667,83.0,71.0,39.0,39.0
2026-02-11T18:55:00,57.583333333,82.0,71.0,38.0,38.0
2026-02-11T19:05:00,57.750000000,82.0,70.0,38.0,39.0
2026-02-11T19:15:00,57.916666667,82.0,70.0,38.0,38.0
2026-02-11T19:25:00,58.083333333,82.0,70.0,38.0,38.0
2026-02-11T19:35:00,58.250000000,81.0,69.0,37.0,38.0
2026-02-11T19:45:00,58.416666667,81.0,69.0,37.0,37.0
2026-02-11T19:55:00,58.583333333,80.0,68.0,38.0,39.0
2026-02-11T20:05:00,58.750000000,78.0,68.0,37.0,37.0
2026-02-11T20:15:00,58.916666667,78.0,68.0,37.0,38.0
2026-02-11T20:25:00,59.083333333,78.0,68.0,36.0,37.0
2026-02-11T20:45:00,59.416666667,78.0,67.0,36.0,37.0
2026-02-11T20:55:00,59.583333333,77.0,66.0,36.0,37.0
2026-02-11T21:05:00,59.750000000,76.0,66.0,36.0,38.0
2026-02-11T21:15:00,59.916666667,76.0,66.0,36.0,37.0
2026-02-11T21:25:00,60.083333333,75.0,65.0,36.0,36.0
2026-02-11T21:35:00,60.250000000,75.0,65.0,35.0,37.0
2026-02-11T21:45:00,60.416666667,73.0,64.0,36.0,37.0
2026-02-11T21:55:00,60.583333333,75.0,64.0,35.0,37.0
2026-02-11T22:05:00,60.750000000,73.0,64.0,35.0,37.0
2026-02-11T22:15:00,60.916666667,74.0,64.0,35.0,37.0
2026-02-11T22:25:00,61.083333333,72.0,63.0,36.0,37.0
2026-02-11T22:35:00,61.250000000,72.0,63.0,35.0,36.0
2026-02-11T22:45:00,61.416666667,72.0,62.0,35.0,36.0
2026-02-11T22:55:00,61.583333333,71.0,62.0,35.0,36.0
2026-02-11T23:05:00,61.750000000,71.0,62.0,34.0,36.0
2026-02-11T23:15:00,61.916666667,72.0,61.0,35.0,36.0
2026-02-11T23:25:00,62.083333333,71.0,61.0,35.0,36.0
2026-02-11T23:35:00,62.250000000,69.0,60.0,35.0,36.0
2026-02-11T23:45:00,62.416666667,70.0,60.0,34.0,36.0
2026-02-11T23:55:00,62.583333333,70.0,60.0,34.0,36.0
2026-02-12T00:05:00,62.750000000,70.0,60.0,34.0,36.0
2026-02-12T00:15:00,62.916666667,69.0,60.0,34.0,35.0
2026-02-12T00:25:00,63.083333333,70.0,60.0,34.0,35.0
2026-02-12T00:35:00,63.250000000,68.0,59.0,34.0,35.0
2026-02-12T00:45:00,63.416666667,67.0,59.0,34.0,35.0
2026-02-12T00:55:00,63.583333333,68.0,59.0,34.0,35.0
2026-02-12T01:05:00,63.750000000,68.0,58.0,33.0,35.0
2026-02-12T01:15:00,63.916666667,67.0,58.0,33.0,35.0
2026-02-12T01:25:00,64.083333333,67.0,58.0,34.0,35.0
2026-02-12T01:35:00,64.250000000,66.0,57.0,33.0,35.0
2026-02-12T02:15:00,64.916666667,65.0,57.0,33.0,35.0
2026-02-12T02:25:00,65.083333333,65.0,55.0,33.0,34.0
2026-02-12T02:35:00,65.250000000,64.0,56.0,33.0,34.0
2026-02-12T02:45:00,65.416666667,64.0,55.0,33.0,34.0
2026-02-12T02:55:00,65.583333333,63.0,55.0,33.0,35.0
2026-02-12T03:05:00,65.750000000,63.0,55.0,33.0,34.0
2026-02-12T03:15:00,65.916666667,63.0,55.0,33.0,34.0
2026-02-12T03:25:00,66.083333333,62.0,54.0,32.0,34.0
2026-02-12T03:35:00,66.250000000,63.0,54.0,32.0,34.0
2026-02-12T03:45:00,66.416666667,62.0,54.0,32.0,34.0
2026-02-12T03:55:00,66.583333333,62.0,54.0,32.0,34.0
2026-02-12T04:05:00,66.750000000,62.0,54.0,32.0,34.0
2026-02-12T04:15:00,66.916666667,61.0,53.0,32.0,34.0
2026-02-12T04:25:00,67.083333333,61.0,52.0,32.0,34.0
2026-02-12T04:35:00,67.250000000,61.0,53.0,32.0,33.0
2026-02-12T04:45:00,67.416666667,60.0,52.0,32.0,33.0
2026-02-12T04:55:00,67.583333333,60.0,53.0,32.0,33.0
2026-02-12T05:05:00,67.750000000,59.0,52.0,32.0,33.0
2026-02-12T05:15:00,67.916666667,59.0,52.0,32.0,33.0
2026-02-12T05:25:00,68.083333333,59.0,52.0,32.0,33.0
2026-02-12T05:35:00,68.250000000,59.0,51.0,31.0,33.0
2026-02-12T05:45:00,68.416666667,59.0,51.0,31.0,33.0
2026-02-12T05:55:00,68.583333333,59.0,51.0,31.0,33.0
2026-02-12T06:05:00,68.750000000,58.0,51.0,31.0,33.0
2026-02-12T06:25:00,69.083333333,58.0,51.0,31.0,33.0
2026-02-12T06:35:00,69.250000000,57.0,51.0,31.0,33.0
2026-02-12T06:45:00,69.416666667,57.0,50.0,31.0,33.0
2026-02-12T06:55:00,69.583333333,57.0,50.0,31.0,32.0
2026-02-12T07:05:00,69.750000000,56.0,49.0,31.0,33.0
2026-02-12T07:15:00,69.916666667,57.0,50.0,31.0,32.0
2026-02-12T07:25:00,70.083333333,55.0,49.0,30.0,33.0
2026-02-12T07:35:00,70.250000000,56.0,49.0,30.0,33.0
2026-02-12T07:45:00,70.416666667,56.0,49.0,30.0,32.0
2026-02-12T07:55:00,70.583333333,56.0,49.0,30.0,33.0
2026-02-12T08:05:00,70.750000000,55.0,49.0,29.0,33.0
2026-02-12T08:15:00,70.916666667,54.0,49.0,30.0,32.0
2026-02-12T08:25:00,71.083333333,54.0,48.0,30.0,32.0
2026-02-12T08:35:00,71.250000000,54.0,48.0,30.0,32.0
2026-02-12T08:45:00,71.416666667,55.0,47.0,30.0,32.0
2026-02-12T08:55:00,71.583333333,54.0,47.0,30.0,31.0
2026-02-12T09:05:00,71.750000000,54.0,48.0,30.0,32.0
2026-02-12T09:15:00,71.916666667,54.0,47.0,30.0,32.0
2026-02-12T09:25:00,72.083333333,54.0,47.0,29.0,32.0
2026-02-12T09:35:00,72.250000000,53.0,47.0,30.0,32.0
2026-02-12T09:45:00,72.416666667,53.0,47.0,30.0,31.0
2026-02-12T09:55:00,72.583333333,53.0,46.0,29.0,32.0
2026-02-12T10:05:00,72.750000000,53.0,46.0,30.0,31.0
2026-02-12T10:15:00,72.916666667,52.0,46.0,29.0,32.0
2026-02-12T10:25:00,73.083333333,51.0,46.0,29.0,31.0
2026-02-12T10:35:00,73.250000000,52.0,46.0,29.0,31.0
2026-02-12T10:45:00,73.416666667,50.0,46.0,29.0,31.0
2026-02-12T10:55:00,73.583333333,51.0,46.0,29.0,31.0
2026-02-12T11:05:00,73.750000000,52.0,46.0,29.0,31.0
2026-02-12T11:15:00,73.916666667,50.0,45.0,29.0,31.0
2026-02-12T11:25:00,74.083333333,51.0,44.0,29.0,31.0
2026-02-12T11:35:00,74.250000000,50.0,45.0,29.0,31.0
2026-02-12T11:45:00,74.416666667,51.0,44.0,29.0,31.0
2026-02-12T11:55:00,74.583333333,50.0,44.0,29.0,31.0
2026-02-12T12:05:00,74.750000000,50.0,44.0,29.0,31.0
2026-02-12T12:15:00,74.916666667,50.0,44.0,29.0,31.0
2026-02-12T12:25:00,75.083333333,50.0,44.0,30.0,31.0
2026-02-12T12:35:00,75.250000000,49.0,44.0,29.0,31.0
2026-02-12T12:45:00,75.416666667,50.0,44.0,28.0,31.0
2026-02-12T12:55:00,75.583333333,50.0,44.0,29.0,31.0
2026-02-12T13:05:00,75.750000000,49.0,44.0,29.0,31.0
2026-02-12T13:15:00,75.916666667,49.0,43.0,29.0,31.0
2026-02-12T13:25:00,76.083333333,49.0,43.0,29.0,31.0
2026-02-12T13:35:00,76.250000000,49.0,43.0,29.0,31.0
2026-02-12T13:45:00,76.416666667,49.0,43.0,28.0,31.0
2026-02-12T13:55:00,76.583333333,48.0,43.0,29.0,31.0
2026-02-12T14:05:00,76.750000000,48.0,42.0,29.0,31.0
2026-02-12T14:15:00,76.916666667,48.0,43.0,29.0,32.0
2026-02-12T14:25:00,77.083333333,48.0,42.0,29.0,31.0
2026-02-12T14:35:00,77.250000000,47.0,42.0,29.0,31.0
